0.029238,0.0027645,0.1525,0.36279,-0.24496
0.078647,0.0020165,0.15511,0.19888,-0.15816
-0.03979,0.0011998,0.48926,0.060148,-0.15616
0.0084591,0.0087393,0.76151,0.043882,-0.16083
-0.031416,-0.0038817,0.74568,0.064721,-0.15768
-0.082215,-0.010412,0.58274,0.06192,-0.17861
0.0065498,0.003587,0.68378,0.044562,-0.15378
-0.077524,0.0043208,0.58748,0.053148,-0.15744
-0.093779,-0.014648,0.81916,0.05587,-0.20255
-0.037097,0.0048799,0.59938,0.031306,-0.17007
-0.0505,0.0067941,0.50691,0.04794,-0.1798
-0.092227,-0.0053411,0.73086,0.093558,-0.24774
0.1224,-0.020665,0.13213,0.17243,-0.15964
-0.082781,-0.0093452,0.89274,0.048035,-0.18448
-0.030016,-0.0042044,0.88796,0.071386,-0.17711
-0.022225,0.016596,0.56048,0.049304,-0.19654
-0.048946,-0.0035378,-1.6611,0.1644,-0.15432
-0.022224,0.0060148,-1.2799,0.094297,-0.14059
0.11614,0.010328,-2.5312,0.11873,-0.13994
0.02053,0.017556,-1.4875,0.12769,-0.12296
0.014059,-0.0016505,-1.2946,0.10743,-0.10799
0.06531,0.017383,-1.1556,0.091869,-0.13706
0.073238,0.016903,-1.0549,0.1293,-0.1041
0.10901,0.020168,0.12566,0.32886,-0.1584
0.04209,0.0058591,-2.1534,0.23941,-0.15259
0.048176,0.014233,-1.9879,0.09943,-0.08555
0.027089,0.0026013,-1.2984,0.10015,-0.11342
0.074312,0.017376,-1.6693,0.11501,-0.13685
0.053579,0.019133,-0.82896,0.10234,-0.098301
0.10091,0.0056265,-1.5995,0.097422,-0.12742
-0.037847,0.0041427,-1.9919,0.13651,-0.10373
0.0082704,0.011365,-1.9085,0.13241,-0.11349
0.020841,0.0051464,-1.7942,0.076998,-0.1305
-0.047239,-0.0072563,-0.64134,0.27721,-0.26029
0.085016,-0.0048913,0.14859,0.2496,-0.1341
-0.20223,-0.010576,-0.57292,0.37749,-0.20977
-0.097354,-0.0053752,-0.82649,0.41477,-0.26693
-0.13905,0.0040586,-0.79717,0.3924,-0.25689
0.12046,-0.027607,-0.57573,0.31601,-0.21766
1.434,-0.025582,-0.71265,0.29333,-0.2993
0.14998,-0.038357,-0.45872,0.29809,-0.2158
-1.2313,-0.015859,-1.0014,0.62161,-0.30671
0.50145,-0.014914,-0.67225,0.46359,-0.19184
0.13755,-0.024277,-0.66688,0.30134,-0.23996
-0.29413,0.01494,-0.56098,0.32153,-0.24561
0.075524,-0.0035722,0.14716,0.22222,-0.16409
0.16077,-0.026338,-0.55503,0.18982,-0.22667
0.14098,-0.021304,-0.48907,0.35443,-0.20408
0.001059,-0.032161,-0.80665,0.27099,-0.26975
-0.061122,-0.024421,-0.85396,0.44611,-0.26845
0.10151,-0.0064721,-0.75018,0.24961,-0.23008
0.14914,-0.033375,0.52097,-0.16267,-0.10773
0.074287,-0.0078146,0.22143,-0.073793,-0.062196
0.022803,-0.0098743,0.24321,-0.098742,-0.064258
0.062406,-0.0092872,0.199,-0.12177,-0.058851
0.040067,-0.020017,0.19809,-0.081339,-0.053721
-0.21096,-0.019525,0.16048,0.20901,-0.1594
0.068409,-0.0025283,0.18228,-0.056617,-0.047127
-0.01663,-0.012699,0.18919,-0.12544,-0.046697
0.051022,-0.002413,0.16555,-0.096742,-0.04898
0.0015434,-0.0074946,0.1559,-0.064844,-0.051432
0.072162,-0.005494,0.14169,-0.083032,-0.045547
0.12522,-0.0090975,0.16661,-0.074545,-0.071974
0.012652,-0.0046863,0.11994,-0.054223,-0.051478
0.12512,-0.010714,0.16591,-0.087144,-0.044827
0.073473,-0.00068799,0.20231,-0.087296,-0.057931
0.024059,-0.0068693,0.18367,-0.045798,-0.048716
-0.0059765,-0.0017154,0.1451,0.37261,-0.15046
0.079503,-0.0049983,0.21078,-0.10085,-0.051724
-0.16559,-0.014544,0.64507,-0.29068,-0.2334
0.011479,-0.020507,4.1667,-0.50324,-0.26802
0.05395,0.0019079,3.9118,-0.56975,-0.26615
0.16769,-0.012535,-39.742,-0.53642,-0.25537
0.038634,0.0052942,0.16009,0.22978,-0.19101
0.10626,-0.0096021,8.551,-0.74826,-0.37081
0.16552,-0.017206,4.5782,-0.55745,-0.31527
0.0042903,0.0058464,9.7249,-0.35922,-0.26803
0.08493,-0.0068445,8.7859,-0.42886,-0.3237
0.06001,0.014187,2.8239,-0.2677,-0.17006
-0.015078,-0.0017057,4.7644,-0.34591,-0.31664
0.070748,0.0073047,4.5323,-0.47619,-0.36098
0.015443,-0.0019992,4.2936,-0.62804,-0.23007
0.056481,0.00103,4.2677,-0.4903,-0.41631
-0.040203,-0.012576,11.574,-0.34927,-0.32408
-0.148,0.00017573,0.16339,0.30628,-0.22481
0.026738,-0.014111,8.3704,-0.59001,-0.28502
-0.052331,-0.20198,2.4965,-0.58322,-0.26598
-0.28576,-0.2999,2.1031,-0.45375,-0.22207
-0.16086,-0.15126,-0.52942,0.085826,-0.31427
-0.13165,-0.15289,-0.51166,0.058312,-0.22259
-0.15489,-0.15882,-0.40645,0.074199,-0.19487
-0.14922,-0.15755,-0.50118,0.15468,-0.1668
-0.16568,-0.15786,-0.51288,0.059229,-0.18013
-0.159,-0.15235,-0.69378,0.13497,-0.16089
-0.13193,-0.12606,-0.47238,0.06452,-0.20536
-0.10168,-0.1167,0.14097,0.20162,-0.13553
-0.1183,-0.12286,-0.43261,0.0944,-0.18939
-0.12974,-0.12761,-0.49167,0.094016,-0.18157
-0.12459,-0.12333,-0.47724,0.073522,-0.18844
-0.13186,-0.12701,-0.46256,0.080799,-0.22806
-0.15202,-0.12359,-0.44737,0.075767,-0.16944
-0.12708,-0.12138,-0.50401,0.11259,-0.22841
-0.10591,-0.12138,-0.50399,0.077812,-0.21672
-0.083561,-0.11831,-0.54992,0.11728,-0.28163
-0.13443,-0.1257,-0.57412,0.083693,-0.23022
0.84854,-0.012491,-3.2318,0.10048,-0.29537
-0.013775,-0.022904,0.15046,0.23483,-0.2333
0.09492,-0.025554,-1.3131,0.080636,-0.34336
1.4966,-0.028135,-1.706,0.11918,-0.34476
0.057433,-0.021497,-27.596,0.10447,-0.38681
0.18385,-0.01677,-1.1489,0.099055,-0.28813
0.35327,-0.01713,-1.7371,0.061089,-0.26769
-0.32669,-0.033612,-1.0182,0.11755,-0.3068
-0.27528,-0.020831,-1.5571,0.067562,-0.34198
0.70816,-0.017213,-2.1088,0.10109,-0.31291
0.2543,-0.01882,-1.7956,0.069103,-0.30857
-0.31277,-0.020499,-4.8061,0.077127,-0.33169
-0.018328,-0.014947,0.12106,0.23164,-0.14932
-0.021415,-0.024747,-0.85888,0.06113,-0.23098
0.21399,-0.022163,-1.1131,0.11508,-0.41787
0.32476,-0.012417,-1.3227,0.07688,-0.30542
0.5721,-0.021431,-1.8944,0.085526,-0.36954
-0.80806,-0.021585,-1.5536,0.11668,-0.32401
-0.023422,-0.018254,-0.44719,0.4612,-0.18294
-0.030766,-0.018662,-0.37918,0.19486,-0.17983
-0.015807,-0.015454,-0.36513,0.18688,-0.17458
-0.037652,-0.0167,-0.36478,0.25443,-0.22651
0.0039827,-0.019969,-0.47923,0.34722,-0.16608
0.032078,-0.01777,0.13862,0.18761,-0.14142
-0.045492,-0.027696,-0.51338,0.34921,-0.18505
-0.018996,-0.0234,-0.38428,0.21669,-0.22508
-0.040788,-0.025316,-0.51041,0.59388,-0.19222
-0.015214,-0.022694,-0.2994,0.23662,-0.18073
0.021502,-0.024107,-0.47438,0.38822,-0.21874
0.015038,-0.018493,-0.5472,0.20701,-0.22143
-0.0031644,-0.021168,-0.57823,0.44064,-0.17658
0.016342,-0.018737,-0.39629,0.33636,-0.19586
-0.035955,-0.022857,-0.44041,0.25161,-0.18629
0.018792,-0.011479,-0.4645,0.19971,-0.21276
0.016095,-0.008905,0.14785,0.29538,-0.12819
0.029479,-0.02362,-0.27004,0.15528,-0.22193
0.14331,-0.040664,0.78902,0.10079,-0.20603
0.037789,-0.027992,0.79332,0.095238,-0.15382
0.058194,-0.024635,0.76226,0.12029,-0.15044
0.054363,-0.0032655,0.53958,0.12448,-0.13816
0.022376,-0.024964,0.68884,0.089026,-0.16481
0.02391,-0.021171,0.62291,0.090376,-0.16675
0.037518,-0.030138,0.6884,0.11454,-0.18988
0.015162,-0.020142,0.59509,0.14328,-0.16726
0.013142,-0.026993,0.73028,0.086269,-0.16542
0.027392,-0.014595,0.10179,0.27191,-0.15658
0.070558,-0.022782,0.61808,0.10547,-0.1401
0.021507,-0.026542,0.7695,0.13493,-0.16559
0.048094,-0.016687,0.7648,0.091438,-0.1353
0.013597,-0.024761,0.62826,0.098141,-0.18439
0.070453,-0.035956,0.76315,0.13039,-0.14748
0.056178,-0.024751,0.88941,0.13795,-0.18996
0.076721,-0.012657,0.65204,0.2431,-0.18884
-0.08461,-0.030887,0.6537,0.073594,-0.20206
-0.043906,-0.021018,0.53789,0.051475,-0.1351
-0.076408,-0.017141,0.76945,0.071375,-0.19615
0.16078,-0.025255,0.13868,0.32467,-0.19412
-0.015136,-0.033888,0.14361,0.14066,-0.16805
-0.10055,0.0064306,0.80207,0.10345,-0.18332
-0.040653,0.0015689,0.7078,0.053881,-0.19464
0.088953,0.017759,0.63833,0.076571,-0.19366
0.093205,0.010509,0.73472,0.066508,-0.18465
-0.018083,-9.20E-05,0.77381,0.079617,-0.20556
-0.10675,-0.0074503,0.65648,0.12978,-0.18269
0.075605,0.0030725,0.91012,0.088106,-0.21214
-0.10056,0.0059151,0.65333,0.088609,-0.19563
-0.16195,-0.011499,0.65896,0.08535,-0.22629
-0.027929,0.0054424,0.93494,0.071703,-0.25022
0.016604,-0.024573,0.11992,0.17387,-0.15989
-0.12378,-0.0065324,0.97998,0.077003,-0.21544
0.067259,0.0094445,0.90824,0.073467,-0.22374
-0.01799,0.0075695,-1.157,0.11348,-0.1148
-0.069157,0.0046783,-1.303,0.078825,-0.13611
0.042912,0.0067276,-1.5147,0.1046,-0.14668
0.0097169,0.013361,-1.2296,0.10231,-0.13544
-0.023917,-0.0035533,-1.2305,0.16623,-0.12756
0.005419,0.0026323,-1.287,0.082671,-0.13811
0.029738,0.012284,-1.0782,0.10404,-0.10796
-0.016356,0.0044132,-1.4472,0.12463,-0.13428
0.12495,0.026239,0.15303,0.27641,-0.1699
0.0028882,0.0059178,-1.444,0.07339,-0.096435
0.015588,0.001169,-1.6568,0.098409,-0.14536
-0.022241,0.013001,-1.4022,0.07713,-0.12896
-0.0039329,0.017775,-1.5914,0.079818,-0.12068
-0.050036,0.011314,-1.446,0.10166,-0.14142
-0.064522,-0.0034655,-1.4938,0.12711,-0.12703
0.066851,0.0092679,-1.6244,0.16196,-0.12142
-0.019417,0.01195,-1.2319,0.10791,-0.11076
-0.4054,0.029927,-0.78706,0.59042,-0.31146
-0.16283,0.0020802,-0.78325,0.34157,-0.30792
-0.070175,0.011478,0.16297,0.30556,-0.20211
-0.24312,0.00029434,-1.1355,0.29016,-0.37583
-0.45596,0.0032735,-0.65245,0.30419,-0.32647
-0.38081,-0.017118,-0.8282,0.26608,-0.28469
19.7,0.027022,-1.2428,0.43227,-0.36062
0.2067,0.01502,-0.81533,0.35372,-0.29036
-0.30098,0.049514,-0.63016,0.3295,-0.25892
-0.65867,-0.018479,-0.63357,0.3174,-0.24309
47.895,0.014484,-0.78117,0.2722,-0.30361
-4.2599,-0.016729,-0.63293,0.23886,-0.30838
18.864,-0.019739,-0.5734,0.21018,-0.20731
-0.036606,0.010104,0.12391,0.29649,-0.16755
57.035,-0.0094548,-0.65348,0.30068,-0.31506
-0.69555,0.016251,-0.9873,0.29553,-0.27779
-1.7162,-0.0057948,-0.70533,0.40074,-0.26551
-2.8337,-0.023634,-0.8346,0.29764,-0.1903
0.15226,-0.025299,0.45981,-0.097134,-0.080493
-0.037374,-0.01854,0.53203,-0.15226,-0.12091
0.091122,-0.016082,0.54047,-0.12169,-0.12711
0.041548,-0.011891,0.58416,-0.21603,-0.12721
0.033848,-0.015961,0.45468,-0.18336,-0.12262
0.077411,-0.012541,0.52808,-0.24693,-0.12867
8.68E-05,-0.0016782,0.18734,0.33101,-0.18478
0.043054,-0.0093794,0.44287,-0.17506,-0.13387
-0.0018614,-0.0079506,0.50645,-0.15405,-0.1407
-0.0024615,-0.013583,0.47449,-0.13086,-0.12384
-0.0116,-0.013037,0.4673,-0.14063,-0.1166
-0.0029173,-0.0093448,0.43566,-0.17785,-0.13449
-0.044361,-0.0062344,0.4192,-0.107,-0.11829
0.0065823,-0.0088521,0.31656,-0.16679,-0.11508
0.02272,-0.012125,0.40214,-0.10019,-0.11193
0.035558,-0.0084333,0.47908,-0.17643,-0.13576
0.016474,-0.01082,0.43051,-0.16679,-0.10588
-0.0072903,-0.018107,0.12145,0.2535,-0.14586
-0.10334,-0.00022569,0.74078,-0.23946,-0.2754
-0.071418,-0.0071223,0.94784,-0.28595,-0.26396
-0.022695,-0.017532,4.1279,-0.38085,-0.29415
0.044656,-0.0089836,3.7125,-0.51333,-0.23249
-0.13763,-0.018784,4.4038,-0.61216,-0.36077
0.048902,-0.0045515,0.14972,0.35824,-0.1672
-0.13189,0.0025362,2.6089,-0.7981,-0.37183
0.090669,-0.0033026,2.8753,-0.72076,-0.31263
0.48649,-0.012381,2.6682,-0.50428,-0.29242
0.30661,0.022816,5.3992,-0.72368,-0.28226
0.099336,0.022885,2.9357,-0.47466,-0.3034
-0.31822,0.034812,2.3097,-0.41097,-0.35368
0.19031,0.02503,2.2158,-0.60876,-0.30244
-0.29969,0.031473,2.6552,-0.49344,-0.24804
-0.40271,0.010402,3.6341,-0.64955,-0.50585
-0.012014,-0.0035464,2.4779,-0.56203,-0.34296
0.0086525,-0.0027179,0.129,0.19779,-0.18843
-0.35936,0.0081362,2.8928,-0.62061,-0.29249
-0.74371,-0.022026,2.6755,-0.72721,-0.36643
-0.062577,0.021171,2.8528,-0.65241,-0.36683
-0.084522,-0.018808,-0.70536,0.18483,-0.26846
-0.00081977,0.0029556,-0.49218,0.07672,-0.18708
0.01585,0.0044592,-0.54034,0.075932,-0.18433
0.013309,-0.0020331,-0.4467,0.077958,-0.15755
-0.040153,-0.0059759,-0.53811,0.13592,-0.208
0.011763,-0.0024055,-0.68658,0.17768,-0.24764
-0.00080586,-0.0048399,-0.54928,0.081914,-0.2172
0.017248,-0.00035635,0.13103,0.16926,-0.1722
-0.0023643,-0.0056054,-0.50072,0.069825,-0.23685
0.030128,-0.0088091,-0.54524,0.10584,-0.16787
0.026964,-0.0018586,-0.45104,0.10135,-0.15813
-0.018482,-0.007799,-0.57743,0.10101,-0.19478
-0.0080987,-0.0048768,-0.34638,0.083333,-0.18727
-4.79E-06,-0.0031702,-0.43794,0.054674,-0.26908
0.020523,-0.0039918,-0.48061,0.11123,-0.23073
-0.033281,-0.008552,-0.57808,0.097766,-0.2092
0.043718,-0.0055254,-0.44372,0.091584,-0.23218
-0.0044325,-0.0075268,-1.2909,0.13072,-0.41794
0.033677,0.00072416,0.1613,0.29431,-0.18897
0.016196,-0.0023179,-1.7062,0.20698,-0.39864
-1.7998,-0.013982,-2.006,0.14858,-0.47676
0.099212,-0.016977,-1.3461,0.18431,-0.48087
-0.33042,-0.029985,-1.7282,0.16271,-0.40037
0.18747,-0.0011142,-5.1481,0.28825,-0.42531
-0.15765,-0.010149,-1.2555,0.16028,-0.40775
3.7526,0.020114,-1.5468,0.14373,-0.43936
-0.15832,-0.011263,-5.5718,0.12104,-0.45913
0.17585,-0.0073444,-1.4516,0.19407,-0.50804
0.53308,0.029858,-1.2913,0.14124,-0.39387
0.084804,0.012228,0.14497,0.21433,-0.16544
0.38954,0.0078067,-1.2961,0.095427,-0.3219
-0.065619,-0.002638,-1.4521,0.17268,-0.4509
0.27469,0.0076539,-2.1205,0.17459,-0.47581
-1.9098,0.021235,-1.6264,0.16954,-0.52194
-0.088122,0.031346,-2.1369,0.16179,-0.51603
0.0016739,0.0053596,-0.5077,0.25506,-0.20557
0.031909,0.0011476,-0.42275,0.30651,-0.16089
-0.0085723,-0.0020028,-0.45353,0.20583,-0.22936
0.10266,0.015217,-0.5716,0.44538,-0.22998
0.033519,-0.0032072,-0.58281,0.49433,-0.20923
0.053452,-7.33E-05,0.15413,0.14035,-0.17329
-0.035246,-0.028753,-0.69247,0.48719,-0.19874
0.019595,0.0083592,-0.41869,0.30848,-0.22192
0.0075438,0.0026521,-0.57784,0.39616,-0.26233
0.054364,0.0051853,-0.55163,0.21691,-0.20147
0.0035147,0.0020359,-0.46624,0.21374,-0.23066
0.038196,0.00755,-0.41681,0.51711,-0.28144
0.0099917,0.0097636,-0.50933,0.2031,-0.18994
0.061893,0.0084817,-0.34824,0.21596,-0.20829
0.067695,0.0076578,-0.39549,0.18128,-0.23098
-0.0087493,-0.016557,-0.59263,0.47887,-0.2615
-0.004341,0.0049988,0.15337,0.14293,-0.134
0.0075834,-0.0086937,-0.45184,0.18084,-0.31015
0.022336,-0.020823,0.69415,0.10774,-0.1394
0.074362,0.0047883,0.75803,0.077826,-0.19347
0.12614,-0.010807,0.67141,0.11628,-0.18055
0.093502,-0.053969,0.78117,0.13828,-0.1997
-0.036096,-0.026177,0.745,0.13191,-0.18273
-0.41636,-0.057255,0.63275,0.23156,-0.20444
0.33735,0.043874,0.62777,0.17136,-0.16385
-0.011496,-0.0033089,0.70403,0.11425,-0.185
-0.10131,-0.018695,0.58283,0.15902,-0.1514
0.13859,0.0033303,0.14058,0.28731,-0.15945
-0.046096,-0.0035506,0.77313,0.11848,-0.16382
-0.01499,-0.0071237,0.58959,0.19367,-0.13604
0.097925,0.0079693,0.56521,0.14279,-0.19821
0.16487,0.0069337,0.70697,0.20907,-0.16572
0.19358,0.020795,0.87958,0.14563,-0.19943
0.031626,0.0071474,0.87048,0.14472,-0.16994
-0.10012,-0.003047,0.64521,0.05439,-0.21315
0.057433,0.0049474,0.68864,0.051421,-0.14371
-0.030027,0.0037366,0.71162,0.076004,-0.18762
-0.055518,0.0043416,0.51926,0.078455,-0.19864
0.013775,-0.024437,0.14477,0.26469,-0.22396
-0.14463,-0.024049,0.13242,0.33904,-0.16232
-0.16997,0.00029523,0.66396,0.058228,-0.13339
-0.11527,-0.0095385,0.4497,0.069843,-0.15707
-0.27777,0.0040637,0.58589,0.05309,-0.19867
-0.22438,-0.0031376,0.64984,0.058767,-0.18351
-0.049602,0.0078968,0.60278,0.073336,-0.16001
-0.14511,-0.0014809,0.6943,0.059846,-0.14527
-0.099503,0.0082532,0.57993,0.040451,-0.14629
-0.12347,-0.0059559,0.56128,0.052647,-0.21708
-0.22219,-0.0088495,0.77218,0.057236,-0.14582
-0.17853,0.0010679,0.83525,0.069279,-0.19068
-0.088782,-0.0084661,0.13272,0.21081,-0.16896
0.0047839,0.0035546,-1.0872,0.093074,-0.11464
0.0063564,0.0026176,-1.2287,0.056413,-0.1298
-0.028483,0.0049738,-1.1241,0.15971,-0.12811
0.013435,0.0061686,-0.95599,0.13494,-0.11841
-0.037073,-0.019238,-1.1195,0.092134,-0.1216
-0.0087259,0.0081078,-1.0082,0.30523,-0.15585
0.070215,0.0080081,-1.1638,0.088851,-0.088094
-0.032718,0.010906,-1.4668,0.17723,-0.098639
0.030605,-0.00013508,-1.4137,0.040871,-0.071926
0.038713,0.0023747,-1.6359,0.066408,-0.1136
-0.12613,-0.015613,0.13996,0.46055,-0.14912
0.0053138,0.0072698,-1.5897,0.10086,-0.11332
-0.034147,0.0080968,-1.1313,0.12735,-0.085272
0.084759,0.0066729,-1.5781,0.08599,-0.12527
0.074813,-0.0033127,-1.4908,0.1196,-0.097923
-0.090655,0.0067667,-1.9565,0.085805,-0.095095
0.081818,0.003774,-1.4366,0.06793,-0.085366
-0.55402,0.017042,-0.54099,0.30493,-0.28943
-1.414,0.026745,-0.56848,0.37646,-0.22603
-1.3796,-0.0028897,-0.76097,0.29834,-0.30564
-0.65192,0.02077,-0.51289,0.33474,-0.25077
0.061059,-0.0040732,0.14324,0.37786,-0.19263
-0.052809,0.0031222,-0.55046,0.26815,-0.30406
-0.24139,-0.0041272,-0.7414,0.19326,-0.22174
-0.12481,0.028881,-0.52162,0.26018,-0.27341
-0.18761,0.012048,-0.58976,0.30195,-0.2545
-0.16288,0.030021,-0.60898,0.56744,-0.25068
-0.080271,0.015589,-0.62462,0.23681,-0.32032
0.15558,0.011226,-0.66323,0.32977,-0.25873
-0.20724,-0.0087283,-0.73731,0.24901,-0.21306
-0.083337,0.0064694,-0.62401,0.40353,-0.24236
-0.034681,-0.028286,-0.61992,0.48656,-0.26014
-0.21244,-0.0064641,0.15294,0.28493,-0.17606
-0.04235,-0.003929,-0.85321,0.50951,-0.26449
-0.10352,0.015883,-0.58646,0.39966,-0.32587
0.078898,0.0067231,0.33472,-0.10254,-0.079655
0.11888,0.018497,0.36602,-0.10998,-0.082674
0.17286,-0.01215,0.46417,-0.12549,-0.11367
0.099321,-0.0071302,0.30441,-0.16488,-0.076627
0.19429,-0.010339,0.23497,-0.11518,-0.086948
0.22788,-0.0052688,0.35847,-0.12405,-0.073316
0.081168,-0.0017357,0.26797,-0.15531,-0.084201
0.027561,-0.0081478,0.23856,-0.097677,-0.054431
-0.35205,0.01972,0.16059,0.33225,-0.22195
0.039675,-0.013578,0.22401,-0.11503,-0.066569
-0.089099,-0.010239,0.24566,-0.16654,-0.06845
-0.05639,-0.015445,0.16356,-0.097475,-0.11506
0.054549,-0.0057666,0.22838,-0.17418,-0.080791
0.12781,-0.010716,0.293,-0.13236,-0.10122
0.18705,-0.0084082,0.24152,-0.090865,-0.077195
0.090489,-0.013981,0.33424,-0.13689,-0.084634
0.11909,-0.0061841,0.31215,-0.1577,-0.10319
-0.17227,-0.023815,0.69026,-0.24856,-0.23103
-0.017417,-0.018325,0.6628,-0.23,-0.25819
-0.11234,0.0012669,0.15961,0.21887,-0.14667
0.042857,0.02386,0.70991,-0.23728,-0.28997
-0.039237,-0.012915,0.91308,-0.26559,-0.27225
-0.45844,-0.037002,2.6811,-0.50541,-0.18453
-0.22364,0.015524,3.3812,-0.75324,-0.27236
0.071258,0.096381,2.2025,-0.74757,-0.29743
-0.075844,0.040074,0.1359,0.22235,-0.13862
-0.5405,0.14291,1.9687,-0.77176,-0.31192
-0.68265,-0.061529,1.9111,-0.80948,-0.31947
-0.063344,0.21182,2.261,-0.92662,-0.28824
-0.70188,-0.16404,2.0159,-0.61825,-0.27824
-0.609,0.1018,2.4976,-0.65248,-0.31464
-0.17947,0.12026,2.7161,-1.0922,-0.33632
-0.1428,0.10352,2.158,-0.58863,-0.25454
-0.36292,-0.031494,2.3006,-0.68799,-0.33468
0.39712,0.060477,2.1794,-0.45466,-0.22349
-1.1884,0.072491,2.4517,-0.50568,-0.33934
0.0031918,0.094422,0.13621,0.17206,-0.16748
-0.77565,0.0055372,2.0974,-0.61158,-0.33189
0.020525,0.0085665,-0.47974,0.10601,-0.20336
0.0091067,0.040025,-0.42117,0.040244,-0.17629
0.047922,0.041888,-0.43916,0.061087,-0.16602
0.037035,0.046954,-0.35155,0.074213,-0.16918
0.050611,0.041887,-0.44147,0.074975,-0.19137
0.042359,0.047481,-0.40134,0.093163,-0.23412
0.013381,0.045154,-0.71566,0.12409,-0.21196
0.04389,0.048935,-0.482,0.072853,-0.22096
0.073214,0.047475,-0.48805,0.098939,-0.13785
0.079605,0.052661,0.12788,0.19613,-0.16673
0.084116,0.04631,-0.52473,0.061186,-0.14304
0.050484,0.050436,-0.44736,0.13827,-0.19162
0.055348,0.049477,-0.50435,0.073642,-0.13787
0.060915,0.058006,-0.52231,0.092736,-0.20376
0.056749,0.052933,-0.46562,0.05388,-0.18193
0.067411,0.050556,-0.51052,0.098912,-0.19586
0.11501,0.051951,-0.5689,0.069822,-0.2827
0.14464,0.050039,-0.96393,0.11418,-0.30297
0.064359,0.048547,-1.6371,0.14448,-0.3466
-0.11627,0.040723,-1.2685,0.18842,-0.40008
0.086542,0.061744,0.17238,0.36297,-0.1856
3.0616,0.046763,-1.4509,0.14981,-0.4594
6.464,0.042292,-7.125,0.10145,-0.37316
0.93795,0.062393,-3.4823,0.21598,-0.32337
0.59557,0.061926,-0.98575,0.18526,-0.46132
5.3359,0.041319,-1.625,0.15931,-0.35041
0.029511,0.016958,-1.2852,0.15162,-0.42025
-1.3416,0.048092,-3.2093,0.20395,-0.5106
0.57171,0.067723,-1.6518,0.17227,-0.39261
0.045414,0.072302,-1.3819,0.13778,-0.32655
-0.078682,0.062626,-1.5235,0.20525,-0.43724
0.058701,0.062774,0.13905,0.28056,-0.16007
0.26697,0.067896,-4.4039,0.18617,-0.49052
0.10693,0.05537,-1.9889,0.14155,-0.41954
-8.2057,0.052583,-1.8662,0.11675,-0.50549
0.050585,0.047322,-0.34723,0.22372,-0.17992
0.066889,0.045133,-0.36979,0.4153,-0.1606
0.078975,0.045951,-0.46723,0.27147,-0.21589
0.047291,0.043036,-0.38032,0.32432,-0.26224
0.061104,0.036822,-0.74349,0.31449,-0.22124
0.048418,0.039264,-0.44876,0.25918,-0.19291
0.068985,0.045396,-0.41703,0.195,-0.25037
0.13671,0.047473,0.13839,0.27138,-0.15832
0.02799,0.043576,-0.38411,0.19801,-0.22982
0.07444,0.042351,-0.41921,0.15779,-0.32762
0.072596,0.042129,-0.3604,0.23649,-0.19895
0.070268,0.04581,-0.45458,0.27204,-0.20692
0.024119,0.042367,-0.36174,0.43874,-0.1664
0.076238,0.041868,-0.53053,0.30529,-0.21136
0.069827,0.04112,-0.5407,0.46639,-0.2319
0.0603,0.040517,-0.5613,0.26476,-0.22546
0.047295,0.036821,-0.36343,0.23341,-0.23266
0.030182,0.03599,0.68723,0.15617,-0.15374
0.045456,0.050953,0.16397,0.33445,-0.1161
0.0016634,0.034699,0.61118,0.15082,-0.16408
-0.059798,0.033272,0.68897,0.13819,-0.15723
0.025198,0.038361,0.58024,0.15229,-0.14333
-0.008628,0.042106,0.87601,0.10912,-0.19183
-0.12262,0.024446,0.57694,0.17214,-0.17829
-0.070788,0.016529,0.66204,0.13873,-0.12038
0.040095,0.038392,0.69722,0.11769,-0.17194
-0.022799,0.030119,0.68524,0.11666,-0.15016
0.036342,0.027831,0.6205,0.14099,-0.16848
0.023756,0.034317,0.71028,0.11837,-0.15441
0.041169,0.043816,0.13987,0.32429,-0.11913
0.04247,0.0398,0.79699,0.18491,-0.15878
-0.15049,0.03193,0.56505,0.18374,-0.21246
0.040846,0.024688,0.69256,0.13332,-0.13324
-0.029666,0.027185,0.70647,0.18083,-0.18538
0.057198,0.041512,0.58858,0.095061,-0.14384
-0.024459,0.03553,0.59053,0.045273,-0.1732
0.07154,0.042014,0.67616,0.065176,-0.13825
0.020026,0.036543,0.8544,0.080764,-0.22681
0.015643,0.046269,0.5875,0.079388,-0.15206
-0.018493,0.036919,0.68009,0.053767,-0.15296
-0.11088,-0.014824,0.14651,0.23416,-0.1871
-0.027879,-0.01159,0.15799,0.22954,-0.19452
-0.10793,-0.0060108,0.98166,0.069932,-0.21547
-0.065254,0.0030568,1.0765,0.057574,-0.18568
-0.13256,-0.0088152,0.70848,0.054435,-0.17927
-0.081943,-0.0013802,0.85214,0.054266,-0.19787
-0.060069,0.0034826,0.89275,0.078022,-0.20272
-0.0078572,-0.0073636,0.66118,0.084865,-0.19063
-0.051055,0.0051723,0.83216,0.086255,-0.1841
-0.030334,0.0034895,0.80218,0.041285,-0.21122
-0.25091,-0.0052683,0.81969,0.087796,-0.28227
-0.067501,-0.0051917,0.92514,0.076329,-0.26419
0.075304,-0.02553,0.11218,0.40135,-0.1655
-0.043821,-0.011068,1.1255,0.078886,-0.2114
-0.037642,-0.0018358,0.92632,0.076224,-0.2916
-0.047672,0.0044683,-2.8914,0.18086,-0.12346
-0.025758,0.0060799,-1.2006,0.10848,-0.14433
-0.0062075,-0.00080458,-1.2296,0.19673,-0.15552
-0.006087,0.0066975,-1.479,0.12509,-0.12851
0.025436,-0.0061126,-1.1746,0.15052,-0.1347
0.062753,-0.0001338,-1.4079,0.10439,-0.13277
-0.074466,0.0025552,-1.6942,0.099246,-0.12646
0.023738,-0.00509,-2.9499,0.14561,-0.12526
0.090083,0.0049378,0.12998,0.29861,-0.15228
-0.010148,0.0021202,-1.7049,0.088461,-0.095802
-0.05052,0.010091,-1.3567,0.12094,-0.1453
-0.056069,0.003743,-0.93608,0.1084,-0.13169
-0.02034,0.0079999,-1.2913,0.11724,-0.09669
0.016662,0.0031457,-1.3865,0.12615,-0.13992
-0.015129,0.0034016,-1.2644,0.13184,-0.13056
-0.094746,-0.002355,-1.6764,0.094118,-0.14881
-0.041012,0.0063801,-1.5034,0.080761,-0.16579
0.017279,0.0038274,-0.54018,0.22742,-0.25994
-0.017756,-0.0029649,-0.4956,0.21776,-0.22908
-0.0089694,-0.016223,0.173,0.2121,-0.20528
-0.024209,-0.0095129,-0.64335,0.28947,-0.248
-0.04769,-0.013959,-0.55966,0.27505,-0.2612
0.052703,-0.012548,-0.60613,0.27533,-0.29809
-0.063262,-0.010198,-0.58229,0.21622,-0.24065
0.049712,-0.0013281,-0.43549,0.23623,-0.25649
-0.16062,-0.010686,-0.81523,0.41097,-0.26226
-0.02108,-0.011766,-0.69365,0.19456,-0.2922
-0.054362,-0.0067955,-0.67732,0.39679,-0.29213
-0.050652,-0.0075147,-0.76669,0.21243,-0.19937
-0.059451,-0.013841,-0.56566,0.30449,-0.2615
-0.013328,-0.014016,0.13283,0.30604,-0.16929
0.031493,-0.00035404,-0.67491,0.36508,-0.27159
-0.094881,-0.007861,-0.66169,0.42986,-0.24529
-0.12659,-0.0030625,-0.73333,0.18712,-0.22398
0.030146,0.0084761,0.22685,-0.077872,-0.07256
0.086009,0.001637,0.32643,-0.15805,-0.094773
0.091651,0.0013786,0.25538,-0.15792,-0.099481
0.0068399,-1.15E-05,0.22401,-0.19034,-0.086699
0.0033784,0.0071054,0.20897,-0.081312,-0.063174
0.093127,0.001104,0.22344,-0.13625,-0.069461
0.058504,-0.0022637,0.23692,-0.13514,-0.10298
-0.12171,0.004017,0.14943,0.28042,-0.20962
0.067209,-0.00025428,0.20135,-0.12383,-0.086097
0.095204,-0.0018674,0.25701,-0.13001,-0.082067
0.057066,-0.0031163,0.26018,-0.11801,-0.078288
0.051786,0.00026686,0.169,-0.085979,-0.087237
0.034781,0.0042252,0.26419,-0.15601,-0.065613
0.041402,0.00076806,0.25249,-0.16087,-0.099097
0.027661,0.003037,0.22274,-0.14508,-0.088466
0.036152,0.0021232,0.21651,-0.11896,-0.08077
0.03307,0.00028493,0.29122,-0.16358,-0.079163
0.080416,-0.010261,1.0345,-0.30958,-0.27935
-0.056785,0.0016318,0.16528,0.21194,-0.20413
0.018983,0.0072578,0.72677,-0.21032,-0.38414
0.026571,-0.0052919,0.62665,-0.21471,-0.28471
-0.022415,-0.11461,2.759,-0.61871,-0.23745
-0.036422,-0.34341,3.2512,-0.43868,-0.22528
0.015799,-0.071924,3.5708,-0.61709,-0.35328
-0.16203,-0.13012,0.11148,0.31596,-0.17305
0.039356,-0.13745,4.8699,-0.58828,-0.35517
-0.036208,-0.12974,3.573,-0.54371,-0.36127
0.25246,0.004591,5.8782,-1.276,-0.33773
0.092573,-0.090798,4.9181,-0.60465,-0.31974
0.046876,0.04359,3.339,-0.47112,-0.36773
0.041589,0.0029554,3.0706,-0.70191,-0.33251
0.014626,0.020328,3.6185,-0.52074,-0.32808
-0.042098,-0.042676,2.0912,-0.52073,-0.4051
0.073887,-0.20448,3.8715,-0.39942,-0.39408
0.089115,0.0012878,2.2544,-0.51107,-0.27475
-0.0059851,-0.024451,0.1261,0.33626,-0.22396
0.022683,-0.056108,2.924,-1.1145,-0.35603
-0.12384,-0.067487,1.9992,-0.50033,-0.38889
-0.045579,-0.059526,-0.62061,0.12229,-0.22233
-0.042,-0.066246,-0.34233,0.040592,-0.15951
-0.044816,-0.068373,-0.34959,0.05833,-0.13131
-0.06069,-0.0655,-0.42823,0.067111,-0.1749
-0.071856,-0.074112,-0.40796,0.066963,-0.1653
-0.056652,-0.068603,-0.45707,0.10392,-0.1669
-0.07661,-0.069634,-0.25779,0.044748,-0.18548
-0.095326,-0.070568,-0.5477,0.074753,-0.18962
-0.063725,-0.066662,0.13104,0.23799,-0.15536
-0.066967,-0.069589,-0.72121,0.16971,-0.13858
-0.062364,-0.069005,-0.72419,0.10936,-0.17305
-0.056537,-0.068466,-0.5801,0.049691,-0.18885
-0.038209,-0.069757,-0.40679,0.049105,-0.10604
-0.053831,-0.068862,-0.40608,0.090321,-0.15403
-0.065005,-0.062718,-0.61413,0.094239,-0.21171
-0.055625,-0.067718,-0.42303,0.065195,-0.15904
-0.073562,-0.069051,-0.41613,0.040162,-0.11706
-0.03288,-0.06792,-1.382,0.25774,-0.37147
0.066383,-0.049431,-3.9831,0.16295,-0.42436
-0.033547,-0.066562,0.14577,0.19593,-0.17554
-0.068852,-0.06175,-5.9479,0.22031,-0.50579
0.065778,-0.068842,-1.5948,0.13727,-0.45066
-0.061687,-0.072253,-1.3818,0.15435,-0.40025
0.077002,-0.069346,-3.138,0.38345,-0.33479
-0.024408,-0.071483,-1.3374,0.18003,-0.36919
-0.07695,-0.057811,-8.6559,0.086981,-0.41109
-0.0072102,-0.067782,-2.8996,0.17494,-0.41825
0.060676,-0.05462,-1.4111,0.13975,-0.38677
-0.15225,-0.059901,-1.036,0.16284,-0.34515
-0.040033,-0.066452,-3.0649,0.14332,-0.33915
-0.041537,-0.058645,0.17129,0.24342,-0.19411
-0.032808,-0.065569,-4.1443,0.14337,-0.45937
-0.083428,-0.076714,-4.9927,0.13732,-0.43181
-0.034978,-0.064597,-1.5397,0.21179,-0.39679
-0.10511,-0.072014,-1.5726,0.19384,-0.50351
-0.077005,-0.068847,-0.42786,0.17571,-0.22769
-0.062166,-0.068009,-0.38813,0.23135,-0.24261
-0.083094,-0.066991,-0.54949,0.1679,-0.24838
-0.058709,-0.06725,-0.60735,0.3956,-0.19317
-0.042486,-0.06528,-0.54225,0.23305,-0.17748
-0.065529,-0.070418,-0.4978,0.45082,-0.22051
-0.056168,-0.067239,0.16113,0.39225,-0.25189
-0.060385,-0.069493,-0.56137,0.29638,-0.22034
-0.10851,-0.068071,-0.49084,0.27429,-0.22952
-0.047587,-0.067182,-0.38542,0.29657,-0.22358
-0.05719,-0.06485,-0.7199,0.35721,-0.20291
-0.046549,-0.07234,-0.45867,0.22613,-0.23346
-0.069062,-0.065797,-0.42876,0.33289,-0.18021
-0.055994,-0.065287,-0.41339,0.26516,-0.21574
-0.045873,-0.067225,-0.39052,0.25924,-0.20581
-0.044891,-0.066917,-0.57587,0.37477,-0.22681
-0.057123,-0.063889,-0.38713,0.26325,-0.26833
-0.062445,-0.052572,0.14154,0.19872,-0.13658
-0.094991,-0.074517,0.95303,0.14356,-0.17812
0.070611,-0.056545,0.7897,0.11276,-0.20223
-0.15233,-0.06344,0.54004,0.088222,-0.15125
-0.056442,-0.060278,0.66126,0.1182,-0.12269
-0.023434,-0.059855,0.82658,0.11476,-0.16643
-0.039899,-0.059963,0.80311,0.098901,-0.19229
-0.10779,-0.064427,0.70653,0.11749,-0.16126
-0.16439,-0.061108,0.73013,0.1562,-0.17744
0.015747,-0.054373,0.70122,0.17387,-0.12559
0.052967,-0.059884,0.67261,0.14123,-0.15907
-0.10284,-0.075337,0.10023,0.17867,-0.14909
-0.036184,-0.060646,0.78325,0.10529,-0.14144
-0.012569,-0.050667,0.67307,0.13638,-0.13285
-0.024039,-0.066216,0.69782,0.1078,-0.18736
-0.0090427,-0.069075,0.83827,0.13569,-0.17072
-0.072445,-0.061307,0.90787,0.092751,-0.15541
0.030787,-0.057527,0.76334,0.23262,-0.16361
-0.15806,-0.080492,0.82476,0.047375,-0.25981
-0.03773,-0.055775,1.079,0.061896,-0.19133
-0.10331,-0.063519,1.0471,0.10198,-0.21039
-0.071689,-0.060681,0.79664,0.077032,-0.2051
-0.076942,-0.0018425,0.11216,0.34022,-0.18455
0.063033,-0.0013704,0.099656,0.3611,-0.1631
0.050816,0.0051185,0.42589,0.051915,-0.12432
-0.07351,0.0012206,0.54301,0.060293,-0.12774
0.012431,0.0070329,0.65963,0.06508,-0.099037
0.077524,0.0065055,0.48218,0.036396,-0.11329
-0.01697,0.0063923,0.47319,0.051742,-0.12068
0.02935,0.0045203,0.48318,0.044721,-0.12755
0.015027,0.019691,0.47903,0.050912,-0.11641
0.036567,0.0097178,0.67814,0.039707,-0.14387
-0.00097547,0.0073635,0.43169,0.033148,-0.12359
0.023864,0.0065787,0.53902,0.037942,-0.158
0.045378,0.0089011,0.116,0.26971,-0.15191
0.018856,0.0032091,0.6423,0.065325,-0.13503
0.047641,0.0088536,0.72567,0.070109,-0.12794
-0.033555,-0.0011961,0.65444,0.051502,-0.20899
-0.050405,0.0057415,-0.86207,0.056236,-0.07769
-0.028407,0.0062704,-0.76291,0.061995,-0.090506
0.01702,0.01163,-1.241,0.080553,-0.10367
-0.0097151,0.010163,-0.91541,0.1083,-0.078934
0.020605,0.010171,-1.053,0.14831,-0.081787
-0.066166,0.0086221,-1.0426,0.086278,-0.098462
-0.014727,0.011466,-0.72547,0.087789,-0.065417
-0.0097949,-0.0024004,0.10523,0.14597,-0.1218
-0.0026379,0.003713,-1.3315,0.1256,-0.066442
-0.17982,-0.0085017,-1.6095,0.082212,-0.080031
-0.022142,0.0070833,-1.5824,0.13589,-0.08002
-0.034189,0.0012247,-0.83051,0.078854,-0.096731
-0.03012,0.0086584,-1.2362,0.092255,-0.071106
-0.046921,0.0064738,-1.6499,0.12445,-0.10203
-0.026812,0.013255,-1.5505,0.1113,-0.094444
0.075598,0.0046386,-1.0794,0.086683,-0.12831
0.047813,0.0056928,-0.83381,0.094312,-0.095782
-0.0017185,-0.006549,-0.56043,0.22906,-0.2207
-0.18501,-0.037517,0.17059,0.30562,-0.16005
0.051029,-0.007874,-0.53162,0.28077,-0.19511
-0.019209,-0.015728,-0.61743,0.37408,-0.22248
-0.069087,-0.002651,-0.49507,0.23541,-0.18739
-0.045439,-0.014077,-0.48476,0.29424,-0.21298
0.19428,-0.018572,-0.83751,0.17486,-0.20137
-0.12124,-0.013247,-0.60491,0.18066,-0.21927
-0.0085621,-0.014236,-0.66017,0.27875,-0.20745
0.0037945,-0.011638,-0.78037,0.34051,-0.18098
-0.082617,-0.0051459,-0.59162,0.29881,-0.29656
-0.045102,-0.0013398,-0.55051,0.30213,-0.25182
-0.089164,-0.03126,0.14224,0.16992,-0.18323
-0.07323,-0.017994,-0.6031,0.15907,-0.20213
0.022507,-0.030803,-0.50409,0.25808,-0.2285
0.039398,-0.039184,-0.46451,0.28773,-0.2433
0.0038175,-0.015292,-0.78441,0.22856,-0.2346
0.019418,-0.012872,-0.67992,0.30611,-0.19484
0.0071026,-0.0072568,0.11853,-0.059915,-0.051702
-0.104,0.0064709,0.14222,-0.10895,-0.047461
0.042082,0.0016105,0.18942,-0.11543,-0.053109
0.090012,0.00014928,0.18243,-0.14286,-0.051034
0.10095,0.0026641,0.19544,-0.091067,-0.050567
-0.019482,0.0032051,0.12164,0.49006,-0.16844
0.062795,0.00010721,0.18094,-0.066354,-0.050112
0.022186,0.0018626,0.16266,-0.1039,-0.051254
0.030459,0.0033191,0.18354,-0.099545,-0.05607
0.055059,-0.0048868,0.18234,-0.12241,-0.064684
0.081121,-0.0019839,0.17806,-0.11914,-0.051829
0.03512,-0.0032589,0.14689,-0.089083,-0.073915
0.007466,0.004496,0.18713,-0.096961,-0.053444
-0.0005892,0.0013717,0.17603,-0.10146,-0.046878
0.019237,0.0037796,0.15578,-0.097842,-0.046438
0.025046,0.0036222,0.14211,-0.087901,-0.040871
0.020285,0.0047706,0.11922,0.39593,-0.16696
0.0178,-0.0032487,0.16935,-0.075166,-0.036504
-0.30898,0.032546,0.36308,-0.16307,-0.18655
0.13148,-0.026697,2.4375,-0.43416,-0.22127
0.081723,-0.10736,1.7564,-0.30445,-0.091574
-0.020447,-0.02329,2.1822,-0.34436,-0.17056
-0.029969,0.024296,0.11806,0.16421,-0.12408
0.11796,0.01444,1.3781,-0.32784,-0.22366
0.13876,0.007217,1.7868,-0.58501,-0.1545
0.050811,-0.3811,1.4939,-0.28255,-0.17064
-0.011281,-0.07688,1.1676,-0.48477,-0.1273
-0.090618,-0.23085,1.0664,-0.34515,-0.20085
0.060725,-0.0094087,1.4434,-0.44862,-0.20199
0.046371,-0.012585,1.4443,-0.38573,-0.24972
0.077839,-0.065846,1.6091,-0.42334,-0.21642
0.084572,0.06122,1.7943,-0.36055,-0.1802
0.072387,-0.12244,1.6803,-0.46528,-0.21662
-0.18452,-0.27235,0.12863,0.26205,-0.14545
-0.056473,-0.14126,1.9132,-0.4697,-0.20341
0.044105,0.0060204,2.2611,-0.44027,-0.26544
0.029605,0.019499,1.6421,-0.34493,-0.20967
-0.0081456,-0.0070304,-0.50289,0.092298,-0.15574
-0.015692,-0.0065373,-0.36508,0.031742,-0.1511
0.0036413,-0.010903,-0.39716,0.051911,-0.20927
-0.013203,-0.011772,-0.70234,0.094177,-0.19013
-0.0014749,-0.013046,-0.60733,0.093589,-0.15074
-0.022182,-0.016303,-0.35162,0.069026,-0.10203
0.018593,0.0057961,-0.38791,0.061844,-0.17143
0.040549,0.0077567,0.12098,0.32473,-0.16016
0.010269,0.0083163,-0.43528,0.075992,-0.16697
0.0060521,0.0069859,-0.85576,0.13361,-0.14409
0.012487,0.0059451,-0.55111,0.077365,-0.14481
0.016341,0.00603,-0.55884,0.066128,-0.19799
0.045393,0.0073992,-0.37102,0.038641,-0.13547
0.0067865,0.0055833,-0.61772,0.0905,-0.16442
0.0057268,0.0053771,-0.41124,0.067339,-0.21009
0.0040227,-0.0015097,-0.4634,0.089913,-0.14876
-0.0070851,-0.0066817,-0.33176,0.037759,-0.12894
-0.009113,-0.0067064,-0.90193,0.15658,-0.23855
0.041285,-0.0025298,0.12461,0.27807,-0.16484
0.031822,-0.0026743,-1.3642,0.13364,-0.25191
-0.0032609,-0.0046787,-0.94851,0.11286,-0.25967
0.030941,-0.004489,-1.1732,0.087397,-0.33684
-0.095987,-0.014785,-3.6134,0.12249,-0.2736
0.020083,-0.010336,-1.4426,0.077519,-0.28529
0.053936,-0.0096726,-0.85166,0.079702,-0.30263
-0.015099,-0.002973,-2.269,0.13902,-0.29623
-0.13595,-0.016001,-1.6549,0.086683,-0.25126
0.0097214,-0.0031798,-1.3104,0.076428,-0.36326
-0.00043047,-0.0052388,-1.4654,0.16092,-0.42655
-0.021953,-0.00478,0.14833,0.26765,-0.14818
0.011816,-0.0056882,-1.0787,0.087257,-0.27531
0.025116,-0.011869,-1.1075,0.16278,-0.30571
0.023187,-0.0099037,-0.891,0.15364,-0.31566
0.003776,-0.0073436,-1.8309,0.12392,-0.38451
-0.03821,-0.011229,-4.1143,0.2112,-0.37569
-0.025172,-0.0080006,-0.44052,0.15402,-0.14606
0.0088139,-0.0042303,-0.477,0.22363,-0.15217
0.029247,-0.009652,-0.48453,0.16878,-0.21823
0.0037002,-0.0060377,-0.51191,0.25738,-0.20851
0.02826,-0.0066285,-0.57764,0.22478,-0.17132
-0.10583,-0.010819,0.11893,0.27733,-0.20365
-0.0022739,-0.0052547,-0.63636,0.17516,-0.18113
-0.037295,-0.0072426,-0.5057,0.23006,-0.17664
0.00046268,-0.0049592,-0.5447,0.32874,-0.19984
-0.0037772,-0.0040393,-0.34142,0.24772,-0.26837
0.0011251,-0.0089167,-0.45573,0.41349,-0.16965
0.051857,-0.00074751,-0.28727,0.27104,-0.20495
0.00028456,-0.0030272,-0.4258,0.29596,-0.14741
-0.0032381,-0.0079619,-0.4292,0.19164,-0.20783
-0.0082154,-0.0088282,-0.57911,0.57939,-0.20456
-0.0011693,-0.0070526,-0.6515,0.61156,-0.2005
0.019988,-0.0057225,0.14861,0.26307,-0.16757
-0.017325,-0.006761,-0.47467,0.15598,-0.1834
0.15952,-0.0058299,0.87625,0.10076,-0.17266
0.10485,-0.0068909,0.67048,0.14246,-0.14417
-0.014282,-0.0049191,0.86174,0.055473,-0.14147
-0.004461,-0.0072687,0.69682,0.14434,-0.13329
0.1432,-0.0084439,0.72178,0.12441,-0.12999
0.08413,-0.0072058,0.72814,0.22581,-0.16154
0.24411,-0.0014482,0.84331,0.14859,-0.11335
-0.047575,-0.011406,0.83538,0.13238,-0.19658
0.064623,-0.006057,0.7612,0.094872,-0.138
0.0034594,-0.0076169,0.10265,0.32101,-0.099814
0.059064,-0.0098931,0.72665,0.095986,-0.15418
0.020054,-0.010431,0.8601,0.17209,-0.14694
0.025215,-0.0072984,0.77249,0.14126,-0.15577
-0.047927,-0.0078591,0.72473,0.12673,-0.18806
0.085316,-0.0095766,0.92104,0.14637,-0.15376
0.066063,0.023289,0.84798,0.15316,-0.1751
0.20887,0.0025737,0.62851,0.098644,-0.14245
0.024136,0.024238,0.41835,0.049503,-0.12792
0.058645,0.023883,0.41461,0.051106,-0.094672
0.012894,0.021141,0.64024,0.043446,-0.12851
0.048663,-0.0039374,0.098696,0.35598,-0.12835
0.086501,0.013643,0.16231,0.33404,-0.1893
-0.057796,0.013945,0.72749,0.071455,-0.17779
-0.095513,0.016859,0.683,0.070873,-0.18135
-0.1548,0.0015681,0.60848,0.062454,-0.171
-0.064562,0.0027579,0.60712,0.061179,-0.16022
-0.10282,0.014996,0.62965,0.045647,-0.15752
-0.18415,0.0095621,0.79887,0.057168,-0.22972
0.016884,0.0055832,0.84597,0.06594,-0.18902
-0.058248,0.00042195,0.78678,0.038724,-0.20847
-0.067353,-0.0034636,0.64229,0.034267,-0.15178
-0.18039,-0.0074451,0.61551,0.098039,-0.15529
0.025666,0.0064701,0.081999,0.23894,-0.097451
-0.21129,-0.0098181,0.76918,0.057954,-0.16462
-0.097627,0.00031402,0.80944,0.069795,-0.16605
-0.12081,0.011538,0.71735,0.060834,-0.18128
-0.34293,0.015036,-1.2007,0.098197,-0.11943
-1.071,-0.0013988,-1.0775,0.099039,-0.14693
-0.57954,0.018759,-1.2773,0.081563,-0.11647
-0.026421,0.0035439,-1.0019,0.087642,-0.12964
-0.71057,0.017396,-1.1388,0.14372,-0.12804
-0.082852,0.012418,-0.85472,0.094103,-0.11289
0.31454,0.029036,-1.5219,0.13067,-0.12479
-0.024971,0.0034018,0.11052,0.149,-0.11988
-0.7744,0.020654,-0.89679,0.12503,-0.12427
-1.7346,0.001224,-1.4438,0.097144,-0.11785
-1.2078,0.0054534,-1.3709,0.067966,-0.12376
-1.9948,0.032712,-1.1025,0.12121,-0.11491
0.12659,0.00935,-1.4637,0.11155,-0.1473
-0.22911,0.0078947,-1.3287,0.097792,-0.12173
-0.76375,0.024602,-1.383,0.11249,-0.14736
-0.49326,0.01975,-1.6321,0.097698,-0.16456
-3.2575,0.0023949,-0.60027,0.42517,-0.24291
-12.955,-0.015034,-0.48708,0.17514,-0.23885
-0.17884,-0.028832,0.11327,0.26217,-0.18623
-0.13649,0.010191,-0.84695,0.29055,-0.27448
-0.057036,-0.0017886,-0.65068,0.30303,-0.32489
0.47141,0.0046025,-0.79865,0.23414,-0.20891
0.031207,0.0037029,-0.56319,0.33014,-0.3116
-0.33961,0.022954,-0.60593,0.2397,-0.24825
0.10612,-0.0080445,-0.4859,0.23665,-0.23671
-0.318,-0.024767,-0.58929,0.60497,-0.30787
0.88095,-0.0051841,-0.7559,0.4222,-0.27033
0.19398,8.50E-05,-0.88332,0.6509,-0.27804
5.0966,-0.032056,-0.81524,0.25852,-0.25383
-0.04471,-0.020334,0.096048,0.2943,-0.12089
-0.12782,-0.017672,-0.75763,0.2272,-0.23884
0.41969,0.044238,-0.80967,0.28841,-0.27161
0.090114,0.015198,-0.65581,0.29008,-0.23077
0.10295,0.035774,0.27832,-0.15015,-0.06458
0.22795,0.010217,0.29561,-0.097703,-0.067918
0.09545,-0.014214,0.28602,-0.12152,-0.056205
0.056759,-0.0080679,0.23026,-0.12164,-0.07009
0.12194,-0.020658,0.24242,-0.091423,-0.049824
0.12456,0.00056795,0.2638,-0.092655,-0.060902
-0.011359,-0.0029334,0.27119,-0.12251,-0.06165
-0.11748,0.0067515,0.14942,0.35637,-0.15694
0.045297,-0.026533,0.25743,-0.18904,-0.064213
0.070761,-0.038923,0.24499,-0.20292,-0.052517
0.045169,-0.036554,0.20027,-0.17077,-0.060706
-0.049402,-0.04931,0.20738,-0.076283,-0.083633
0.076928,-0.016859,0.23954,-0.12471,-0.058581
0.24719,0.0003252,0.25174,-0.094475,-0.057815
0.11091,-0.018637,0.21467,-0.076793,-0.070543
0.24012,-0.024579,0.27422,-0.10649,-0.06291
0.080361,-0.017699,0.31919,-0.11527,-0.074227
-0.080773,-0.02141,0.64232,-0.20567,-0.28841
-0.003613,-0.021772,0.084558,0.2009,-0.16336
-0.035707,-0.020604,0.86174,-0.25675,-0.27606
-0.034758,-0.011963,1.0866,-0.26668,-0.29222
-0.033353,0.10773,3.997,-0.23317,-0.38849
-0.021454,-0.028128,2.8449,-0.39231,-0.24009
-0.025206,0.0094169,3.3232,-0.65601,-0.37033
-0.041357,-0.060397,0.09235,0.22993,-0.094911
-0.0049453,0.0366,3.0461,-0.57343,-0.2291
-0.01052,0.028562,2.2058,-0.7813,-0.27904
0.015272,0.044995,4.3954,-0.53475,-0.34566
0.061343,0.044774,2.6169,-0.6061,-0.24836
0.033569,-0.015585,47.745,-0.55938,-0.33074
0.011235,0.0041452,2.3967,-0.93409,-0.35796
-0.023106,0.072435,2.5319,-0.72879,-0.33047
0.041586,0.071571,2.3036,-0.60741,-0.33321
0.10341,0.11601,3.1597,-0.73128,-0.33355
0.048502,0.096166,2.4319,-0.70391,-0.30559
0.026434,0.082582,0.10743,0.19133,-0.15574
0.14507,0.11861,2.4233,-0.64984,-0.35924
-0.077432,0.11111,3.2093,-0.73955,-0.39138
0.12357,0.084488,1.9163,-0.46496,-0.23498
0.098696,0.090998,-0.41872,0.067747,-0.15279
0.087082,0.061685,-0.42052,0.031396,-0.13606
0.055468,0.059819,-0.36136,0.049067,-0.14759
0.070371,0.059678,-0.36728,0.050258,-0.14729
0.054615,0.033864,-0.34511,0.057049,-0.14553
0.041277,0.030296,-0.56579,0.12506,-0.14022
0.030879,0.031432,-0.40191,0.090106,-0.17832
0.041738,0.033894,0.105,0.17578,-0.11608
0.026966,0.033756,-0.46403,0.11772,-0.1565
0.051898,0.035748,-0.38111,0.061991,-0.1211
0.028166,0.032797,-0.28396,0.036943,-0.10034
0.024912,0.032706,-0.37222,0.07802,-0.14218
0.017574,0.03223,-0.50889,0.071161,-0.11304
-0.0014366,0.029276,-0.3468,0.089411,-0.18601
0.0062641,-0.0079158,-0.38897,0.070912,-0.14996
-0.01787,-0.0063042,-0.33316,0.088468,-0.19688
-0.0044864,-0.0069094,-0.38718,0.083386,-0.13335
0.0059882,-0.0065865,-0.90234,0.13209,-0.33214
0.019811,-0.0048516,0.13234,0.29958,-0.16984
0.03176,-0.014873,-1.7038,0.28544,-0.35086
-0.099719,-0.0090803,-2.5404,0.13086,-0.44656
-0.047249,-0.0073213,-1.2151,0.12895,-0.51473
-0.025869,-0.0052198,-0.85101,0.090156,-0.34689
0.0065045,-0.0054165,-1.3012,0.085506,-0.34011
-0.1086,-0.0066173,-2.1661,0.19638,-0.47311
0.1621,-0.0092705,-1.247,0.13294,-0.43995
0.021481,-0.0021429,-0.787,0.13403,-0.40054
-0.041208,0.0022046,-1.0864,0.13608,-0.35643
-0.087283,0.0040679,-1.6133,0.10367,-0.39222
0.061245,-0.020429,0.10407,0.37493,-0.1629
-0.10184,-0.008651,-2.4597,0.12336,-0.37178
-0.028095,-0.0085203,-1.3086,0.10925,-0.42771
-0.012029,-0.00072963,-2.2426,0.13179,-0.4346
-0.011213,-0.0041814,-1.4069,0.16975,-0.47852
-0.08599,-0.0061683,-5.9056,0.11899,-0.4587
-0.010336,-0.0066737,-0.39687,0.17642,-0.19761
0.015384,-0.0064891,-0.55648,0.20619,-0.18678
-0.002724,-0.0077707,-0.43946,0.21647,-0.20935
-0.0017804,-0.011065,-0.44322,0.31923,-0.22596
-0.011015,-0.0087972,-0.49133,0.28655,-0.21511
-0.0018389,-0.010055,0.086323,0.35145,-0.14513
-0.0099932,-0.011349,-0.48854,0.24601,-0.19685
-0.0077399,-0.0083064,-0.41446,0.19316,-0.21444
-0.015343,-0.0086046,-0.52564,0.39225,-0.23102
-0.0007198,-0.0083468,-0.34603,0.25485,-0.19815
0.014974,-0.0081364,-0.40634,0.13244,-0.20355
0.0057514,-0.0076266,-0.58083,0.18486,-0.19778
-0.015326,-0.0087218,-0.21811,0.17793,-0.14319
-0.0028377,-0.0085028,-0.21826,0.22092,-0.19824
0.0030132,-0.0088811,-0.38004,0.2547,-0.16127
0.0018437,-0.0076558,-0.50477,0.29044,-0.18185
0.0033838,-0.0080517,0.11706,0.18664,-0.13296
-0.0057233,-0.0085492,-0.39337,0.36067,-0.20119
0.033692,-0.0043847,0.89712,0.10684,-0.16422
0.0054362,-0.0036091,0.96092,0.1257,-0.1538
0.018495,-0.0032842,0.72086,0.081555,-0.16742
0.015027,0.0016936,0.66635,0.10057,-0.1839
0.060038,-0.0047264,0.78411,0.067161,-0.16806
0.0029067,-0.00074477,0.71122,0.065364,-0.17229
0.013682,-0.0014189,0.57856,0.074968,-0.14922
0.0027683,-0.0019877,0.77026,0.095317,-0.17201
-0.02059,-0.005598,0.75553,0.11297,-0.15056
-0.07673,-0.012414,0.098931,0.22451,-0.17512
0.027881,-0.0045257,0.74349,0.082696,-0.18072
-0.10928,-0.010431,0.91558,0.13509,-0.1693
0.11947,-0.0032983,0.84149,0.18383,-0.13467
-0.029911,-0.003379,0.88697,0.13634,-0.18213
-0.048921,-0.0046455,1.0047,0.13445,-0.20092
-0.019656,-0.0011642,1.1126,0.12405,-0.21577
0.020474,-0.0028112,0.96089,0.094319,-0.17497
0.0027756,-0.0029982,0.57522,0.043072,-0.13622
-0.026238,-0.0030228,0.66816,0.043894,-0.1314
-0.035954,-0.003556,0.91927,0.054841,-0.16
0.097911,0.0048533,0.11886,0.20584,-0.14327
-0.0071676,0.0057082,0.12622,0.30641,-0.15689
-0.0055318,0.0029475,0.49566,0.053239,-0.12415
-0.057087,-0.0045414,0.50358,0.051052,-0.13207
-0.013646,-0.01121,0.50532,0.047737,-0.14151
-0.066013,-0.0048676,0.43452,0.076923,-0.11603
-0.055096,0.004693,0.40677,0.036244,-0.13366
-0.0074847,0.0022878,0.47153,0.056711,-0.12776
0.015894,0.0065519,0.70074,0.058909,-0.1547
-0.09087,-0.0053355,0.66,0.059057,-0.13877
0.058412,0.0077604,0.54456,0.028296,-0.11433
-0.10124,-0.0071812,0.72098,0.07336,-0.17928
-0.099869,-0.0080255,0.093521,0.23586,-0.11085
0.10131,0.010305,0.94687,0.077809,-0.21054
-0.051107,-0.0067852,1.0544,0.075966,-0.16595
-0.03519,-0.00098988,0.62096,0.063258,-0.20332
-0.10009,0.011099,-0.96757,0.07436,-0.12219
-0.091244,-0.0074661,-1.0236,0.082504,-0.086643
-0.037038,0.00062362,-1.206,0.07681,-0.12394
-0.020593,0.0038427,-0.9467,0.077677,-0.10327
-0.07572,-0.014167,-1.0933,0.1462,-0.10955
-0.25229,-0.010497,-1.6833,0.062273,-0.10191
-0.086186,0.0034304,-0.7797,0.067166,-0.093122
0.014667,0.011932,0.11999,0.16609,-0.10364
-0.040984,0.0079562,-1.2753,0.087177,-0.0588
-0.041478,0.0062486,-0.88583,0.10796,-0.097609
-0.045252,0.013671,-1.1245,0.08533,-0.071364
-0.14526,0.0071767,-0.57713,0.079844,-0.074769
-0.061749,0.0054655,-0.86384,0.088008,-0.073735
-0.037102,0.012005,-0.76543,0.084023,-0.1146
-0.12118,-0.0013494,-1.2258,0.06201,-0.081762
-0.13652,0.001362,-0.88312,0.067186,-0.11394
-0.11125,0.002506,-0.92328,0.06652,-0.11751
-0.12621,-0.01764,-0.61746,0.2688,-0.24292
0.030855,0.027976,0.14713,0.43429,-0.151
0.053113,0.026576,-0.58931,0.31226,-0.20763
0.030299,0.0026848,-0.60722,0.23017,-0.23263
-0.017618,0.015445,-0.65708,0.25922,-0.23737
0.02761,0.002646,-0.51175,0.27757,-0.21776
-0.044399,0.0035127,-0.57448,0.38014,-0.27952
-0.0090468,-0.012667,-0.53815,0.18135,-0.27206
-0.036139,-0.00040686,-0.68127,0.4615,-0.26731
-0.032728,-0.010087,-0.46989,0.26365,-0.19975
-0.057855,-0.0067824,-0.60834,0.20807,-0.2445
-0.12077,-0.0002807,-0.56577,0.23358,-0.27297
0.028558,-0.011856,0.1372,0.47343,-0.13019
-0.031268,-0.010769,-0.6171,0.16375,-0.21046
-0.045185,0.00074161,-0.50263,0.15048,-0.21135
0.022292,-0.01592,-0.73833,0.27639,-0.19232
-0.15871,-0.019332,-0.56608,0.27532,-0.21111
-0.015174,-0.015582,-0.7829,0.43246,-0.18055
-0.0061392,0.0094672,0.24617,-0.094883,-0.066338
0.037159,-0.0017276,0.223,-0.14412,-0.051347
-0.032548,0.0028348,0.23846,-0.13372,-0.050399
0.037614,0.00077128,0.1732,-0.13162,-0.048012
0.066172,0.0045086,0.20065,-0.097334,-0.045445
0.046264,-0.0029568,0.16219,0.29749,-0.17499
0.075627,-0.0048266,0.18727,-0.091649,-0.045646
0.0060707,0.0018502,0.14426,-0.085168,-0.052409
0.23522,-0.016267,0.18539,-0.12329,-0.044005
0.060155,-0.0020462,0.17031,-0.11577,-0.048887
0.058842,-4.24E-05,0.15686,-0.1294,-0.060003
0.071287,-0.0047899,0.17444,-0.09569,-0.057239
0.080091,0.0016052,0.15798,-0.086784,-0.047236
0.055104,-0.0063857,0.1693,-0.12801,-0.058824
0.01896,0.0049496,0.19199,-0.11274,-0.056121
-0.043033,-0.0043586,0.23709,-0.13327,-0.067254
-0.017617,-0.0013967,0.15818,0.2013,-0.18347
0.056686,-0.0034065,0.20595,-0.14998,-0.058677
-0.010097,-0.0014365,0.43372,-0.17453,-0.23673
0.037737,0.11142,1.6761,-0.34923,-0.18816
-0.015646,-0.034194,2.4106,-0.27099,-0.17098
0.020907,-0.0079581,1.5304,-0.31412,-0.25421
-0.0075184,0.045024,0.13592,0.3356,-0.084152
-0.012364,-0.036993,2.0064,-0.33952,-0.16991
-0.068086,-0.076711,1.3854,-0.42037,-0.22094
0.025124,0.061998,1.2043,-0.69087,-0.23002
-0.017555,0.017369,1.7501,-0.69248,-0.18632
0.027423,0.071023,2.7429,-0.46501,-0.27079
-0.098626,-0.010882,1.6119,-0.61841,-0.18932
-0.042352,-0.066906,1.7877,-0.55408,-0.26244
0.01974,-0.023913,1.5618,-0.4712,-0.2237
-0.079915,-0.02351,2.0707,-0.78338,-0.29276
-0.022269,-0.19667,1.6708,-0.65267,-0.23712
-0.094581,-0.18647,0.10545,0.14264,-0.16737
0.0060135,-0.099406,2.1718,-0.49689,-0.24238
-0.067208,-0.15878,2.1039,-0.67062,-0.39846
-0.14827,-0.29042,2.915,-0.69258,-0.26472
-0.056378,-0.051074,-0.35048,0.11636,-0.16385
-0.046557,-0.006013,-0.55303,0.086092,-0.1631
-0.0011138,-0.0095979,-0.40674,0.089947,-0.14156
-0.023123,-0.0061835,-0.3434,0.057333,-0.15129
-0.004318,-0.010454,-0.36574,0.089626,-0.15256
-0.0078033,-0.0086212,-0.45047,0.069232,-0.11681
0.020828,-0.0061061,-0.38813,0.10205,-0.21327
-0.058577,-0.0082025,0.10121,0.21937,-0.12246
-0.018254,-0.0089627,-0.47219,0.066003,-0.145
-0.012495,-0.011859,-0.54317,0.085997,-0.14124
0.0046515,-0.0074593,-0.31919,0.051601,-0.11356
-0.022568,-0.0076403,-0.36426,0.062453,-0.19758
-0.045666,-0.012977,-0.37267,0.054483,-0.13453
0.0017454,-0.0053683,-0.40962,0.045295,-0.17483
-0.0031087,-0.0073312,-0.48267,0.085294,-0.16306
-0.047867,-0.0054307,-0.46163,0.083438,-0.20463
0.013165,-0.0025987,-0.34403,0.05586,-0.12019
0.064849,-0.0041225,-1.7719,0.12777,-0.26262
-0.053096,-0.0059354,0.10189,0.28904,-0.12901
0.017625,-0.00029468,-2.135,0.13039,-0.29946
-0.040737,-0.0048238,-1.8562,0.13538,-0.32219
0.014363,-0.0035523,-1.9104,0.12536,-0.29096
0.023569,0.00094971,-1.1986,0.1328,-0.33139
0.064098,0.0013564,-1.6484,0.19684,-0.33602
0.045063,-0.0028024,-0.99658,0.14166,-0.36453
0.06861,0.002928,-1.1831,0.12784,-0.3071
-0.0024656,-0.002357,-2.7054,0.12179,-0.34333
0.0035341,-0.0013078,-1.3943,0.15413,-0.34043
0.049452,0.00081776,-2.5432,0.19429,-0.41216
-0.038397,-0.0026011,0.13515,0.35681,-0.14581
0.031753,-0.00051744,-1.3469,0.15177,-0.32862
-0.020869,-0.00094226,-1.0062,0.096217,-0.38625
0.11375,-0.0085998,-1.9213,0.14627,-0.31364
0.031439,-0.0046961,-1.2785,0.10618,-0.30181
0.076669,0.00063158,-1.1929,0.09604,-0.36587
0.013862,-0.00079112,-0.33915,0.40256,-0.22618
0.008988,-0.00025195,-0.44519,0.20989,-0.13065
0.0023717,-0.00054738,-0.49134,0.32797,-0.16816
-0.037199,-0.0021854,-0.50742,0.27924,-0.20285
0.0060989,-0.0004143,-0.56358,0.34407,-0.18021
0.04438,-0.0027009,0.12319,0.3026,-0.15914
0.010654,0.00020327,-0.41854,0.21397,-0.14949
0.0013268,0.00014337,-0.25363,0.20929,-0.17982
-0.0047873,0.00062523,-0.37976,0.22851,-0.23897
0.026925,-0.00044748,-0.41011,0.21875,-0.17108
0.033182,0.00070908,-0.28694,0.26333,-0.16541
0.014441,-0.00093486,-0.49107,0.38812,-0.25253
0.0048949,-0.00065352,-0.71141,0.42495,-0.14262
-0.0030568,-0.0015035,-0.52658,0.32468,-0.19489
-0.010007,-0.0010198,-0.46495,0.37058,-0.2023
0.031298,0.00094534,-0.44278,0.25355,-0.20754
0.024111,0.0032563,0.10278,0.20249,-0.099933
0.0093664,-0.0010285,-0.41484,0.31446,-0.18952
0.27409,0.0087331,0.71469,0.10098,-0.17741
0.040936,0.0034395,0.70924,0.07919,-0.13357
0.0073395,-0.0018979,0.54194,0.094892,-0.16037
0.014558,-0.0027133,0.67918,0.0955,-0.16332
0.15986,-0.0065308,0.93252,0.13525,-0.22167
-0.12074,-0.0070096,0.66393,0.23635,-0.18424
0.16664,0.0020305,0.63243,0.14373,-0.12665
0.16608,0.0079207,0.52079,0.14055,-0.13513
0.064487,0.0017706,0.95534,0.10177,-0.15204
0.016011,0.0025586,0.094171,0.23448,-0.1346
0.010447,-0.00060629,0.56868,0.080894,-0.14251
0.0038749,-0.0021563,0.66709,0.18527,-0.1797
0.03497,0.0037748,0.67362,0.098558,-0.13227
0.19057,0.0097051,0.51267,0.10327,-0.16444
-0.064835,-0.0097739,0.70228,0.14746,-0.15404
0.028744,-0.001217,0.75012,0.11731,-0.14286
-0.033601,0.0024252,0.66039,0.099505,-0.16599
-0.0046552,0.00091486,0.44888,0.060379,-0.15793
-0.010793,0.0037702,0.64601,0.061956,-0.12453
-0.024644,0.00030688,0.73544,0.086681,-0.14389
