1.3902,1.1592,1.0715,1.8869,4.693,3.9954,4.1404
1.7022,1.2766,1.0056,2.5032,5.1465,4.5277,4.614
1.0816,0.99297,0.66272,1.7673,3.4202,3.3604,3.2288
1.011,0.92131,0.76653,1.7044,4.0102,3.7855,3.8149
1.0128,0.94384,0.54604,1.5476,3.76,3.3498,2.886
1.0802,1.0405,0.6299,1.7762,3.8078,3.6517,3.4742
1.1115,1.0329,0.65388,1.8284,3.0722,2.8835,2.7268
1.1434,1.1167,0.64147,1.8777,3.4803,3.5015,3.4931
1.3825,1.3708,0.67174,2.3237,4.6537,4.5303,4.4081
1.3789,1.2933,0.92178,2.5802,3.5199,3.3787,3.1917
1.2447,1.221,0.73754,2.3064,3.408,3.4396,3.5748
1.2951,1.2225,0.68978,2.2039,3.683,3.8479,4.2989
1.5629,1.2408,1.4091,2.6877,4.0655,3.4784,3.2069
1.237,1.1924,0.89602,2.1503,3.5264,3.4517,3.4029
1.2596,1.2263,0.73407,2.11,4.0061,4.0624,4.0823
1.0716,1.0313,0.66658,1.7687,3.8319,3.5636,3.2639
1.5971,1.5293,0.92049,2.1041,3.6644,3.7151,3.1713
1.6383,1.4696,0.94337,2.5208,2.5479,2.6142,2.312
1.7594,1.5112,1.2025,2.6145,3.6282,3.5963,3.1363
1.3744,1.2561,0.84446,1.996,2.8678,2.7714,2.4221
1.6988,1.4686,1.1805,2.4509,4.2867,4.1363,3.4416
1.401,1.2088,0.87747,1.9372,3.2537,2.6624,2.2053
1.6011,1.3111,1.0221,2.1704,3.5287,3.5692,2.7363
1.4154,1.1244,1.0433,2.2162,3.1483,3.3178,3.265
1.5904,1.3198,0.98829,2.8161,3.9338,3.6148,3.3882
1.3652,1.196,0.98617,1.9254,3.2565,3.3757,2.7063
1.3259,1.165,0.77447,1.9048,3.4089,3.2221,2.6436
1.7259,1.406,1.3155,3.4149,3.9181,3.8979,3.027
1.6363,1.4006,1.0772,2.644,3.7572,3.5146,2.9848
1.42,1.2801,1.069,2.1856,3.5785,3.3474,2.9027
1.7636,1.5568,1.2048,2.9499,4.1409,4.1098,3.0348
1.6294,1.4012,1.0524,2.7538,4.4253,4.5417,3.5371
1.5571,1.3462,0.89631,2.2827,3.8572,3.4062,2.6961
1.6593,1.4906,1.0972,2.7809,6.0317,5.835,6.1112
1.4831,1.1772,0.94353,2.0741,3.5632,3.2763,3.0405
1.7108,1.4831,1.1856,2.9553,4.4392,4.1068,4.1987
1.5836,1.3851,1.0171,2.7255,4.0326,3.866,4.2221
1.5398,1.5454,0.9915,2.61,5.071,4.8161,4.952
1.3216,1.2512,0.97882,1.9912,4.0706,3.9131,4.2655
1.4313,1.3946,1.1317,2.482,4.7661,4.1569,4.2907
1.7344,1.6173,1.407,2.6835,4.7539,4.6405,4.8458
1.8341,1.6482,1.2067,3.6751,5.4503,5.1944,5.431
1.7352,1.6214,1.0547,2.9169,4.8359,4.3889,4.6926
1.7118,1.5181,0.9658,2.8273,5.1905,4.9768,5.266
1.4484,1.2939,1.2292,2.4386,3.736,3.4175,3.5615
1.5656,1.3531,1.274,2.4826,3.6549,3.4957,3.2378
1.7532,1.5252,1.1349,3.1513,3.3605,3.1334,3.2908
1.5503,1.5351,1.145,2.5026,4.0504,3.8009,4.0592
1.6634,1.4318,1.3233,2.6223,4.1219,3.8691,4.0346
1.6502,1.609,1.1059,2.886,5.8796,5.6125,5.884
1.4338,1.4247,0.99138,2.5091,3.9209,3.6457,3.939
1.4685,1.5722,1.1669,2.0037,3.0585,2.7804,2.9237
1.3015,1.5341,1.1235,1.6948,2.698,2.327,2.3557
1.4559,1.7234,1.2255,2.1829,3.0601,3.1594,2.9508
1.3674,1.5021,1.1291,1.8404,2.8823,2.6088,2.4782
1.4279,1.6088,1.2144,1.8954,2.6777,2.6855,2.6006
1.4794,1.2424,1.1792,2.2576,3.7937,3.6452,3.4734
1.3369,1.5334,1.0873,1.7744,2.5174,2.0888,1.912
1.4037,1.6183,1.1765,1.8443,2.3774,2.2075,2.1695
1.3232,1.5391,1.1633,1.7041,2.3864,2.1432,1.9761
1.3982,1.5113,1.1562,1.7738,2.3233,2.1782,2.0869
1.3485,1.5368,1.1511,1.7482,2.6273,2.571,2.4591
1.4154,1.5943,1.2429,1.9039,2.4742,2.1409,2.024
1.4633,1.6123,1.2044,1.8577,2.3331,2.3668,2.2844
1.4107,1.5329,1.1341,1.7966,2.2614,2.2254,2.1407
1.4916,1.646,1.1611,1.9417,2.5985,2.6079,2.4602
1.424,1.5397,1.1691,1.7826,2.6473,2.5546,2.5465
1.5426,1.2168,1.0661,2.0841,3.7928,3.3647,3.3279
1.4948,1.5498,1.1415,1.835,2.4109,2.4266,2.3865
2.0922,1.6647,0.80859,2.5007,6.0946,5.7159,5.2829
1.8836,1.8997,1.1851,2.4148,5.0795,5.0343,5.1191
1.9246,1.903,1.3053,2.998,3.1325,3.2377,3.1769
1.8038,1.8488,1.3937,2.6949,4.2416,4.5305,4.9991
1.3105,1.0417,1.0583,1.9111,3.4981,3.0577,3.0705
1.7513,1.8568,1.2009,2.2044,4.6632,4.6957,4.8349
2.0026,1.9421,1.4504,2.4122,3.8502,3.9509,4.3368
1.4777,1.4877,0.93873,2.0907,4.132,3.8567,3.4738
1.7933,1.6874,1.3592,2.3155,3.6513,3.8501,4.1517
1.2702,1.2979,0.75397,2.1659,3.1289,2.9799,2.8564
1.2973,1.3553,0.8334,1.9207,3.6984,3.7619,3.9683
1.6227,1.7103,0.98962,2.2299,4.1112,4.2703,4.2895
2.132,2.2447,1.9429,3.5177,5.3895,4.6114,4.16
1.6234,1.683,1.1444,2.5614,3.3313,3.3293,3.5194
1.7688,1.7308,1.2711,2.4058,4.6055,4.9699,5.3306
1.6919,1.2802,1.4325,2.6746,5.4972,4.5821,4.7704
2.272,2.1561,1.8357,3.2903,5.2151,5.1349,5.1564
1.5483,1.6181,1.1805,1.9847,3.3641,3.4191,3.4561
1.6735,1.8116,1.1775,2.1727,4.0464,3.6403,3.6398
1.4283,1.2975,0.75676,1.8919,4.8601,4.7813,4.6045
1.4419,1.2465,0.79457,2.2362,3.7861,3.5104,3.5844
1.5689,1.4219,0.81599,2.313,4.2889,4.1554,3.8763
1.494,1.2888,0.80952,2.1328,4.4495,4.4058,3.79
1.5577,1.4029,0.96779,2.4405,4.4764,4.7457,4.2602
1.6021,1.4579,0.78059,2.3845,5.1267,4.3888,4.2373
1.4369,1.1244,0.81068,1.7742,3.8951,4.1489,3.5804
1.5121,1.151,1.031,2.0397,3.9938,3.0417,2.933
1.5383,1.3233,0.80512,2.2951,3.5819,3.4844,3.1276
1.5856,1.4412,0.8316,2.257,4.1336,4.0697,3.6876
1.5894,1.4121,0.74698,2.3001,4.353,4.2157,3.7906
1.3515,1.2525,0.88562,2.1858,4.3756,3.8559,3.9013
1.6509,1.5073,0.81385,2.5867,4.0467,4.0291,3.61
1.5651,1.4237,0.84289,2.3027,4.5479,4.7212,4.5975
1.7719,1.5208,0.85407,2.5189,4.537,4.6856,4.7199
1.6332,1.3941,0.81182,2.2741,4.9195,4.4548,4.4355
1.3381,1.0837,0.68076,1.7927,3.9113,3.5219,3.6373
1.0805,0.90185,0.59532,1.2903,2.0963,1.932,2.2499
1.6128,1.4084,1.5464,2.4353,5.2174,4.4099,4.897
1.0294,0.85816,0.61267,1.5799,2.2122,2.2545,2.6107
1.3154,1.01,0.80279,1.7682,3.0698,2.8714,3.6113
1.2182,1.017,0.6263,1.4711,2.8496,2.4483,2.8782
0.98641,0.82502,0.60945,1.2365,2.2723,2.0348,2.5953
1.0809,0.98848,0.54755,1.4475,2.8687,2.6045,3.0032
1.0129,0.88796,0.63041,1.3944,2.396,2.4518,2.9116
1.0248,0.9294,0.72831,1.5193,2.1882,1.9032,2.249
1.2273,1.0994,0.7575,2.0463,3.8238,3.8741,4.3283
1.0611,0.95147,0.50218,1.5523,3.4332,3.2748,3.7548
1.2359,1.0588,0.75199,2.1675,2.8906,2.7846,3.0626
1.2691,1.0144,0.85013,1.7588,3.3348,2.9929,2.829
1.2195,0.98483,0.65671,1.7364,2.0502,2.0565,2.29
1.2522,1.1344,0.65344,1.8064,3.0535,2.8749,3.2667
1.4423,1.1595,0.85673,2.1182,2.926,2.8417,3.2692
1.2635,1.0859,0.73064,2.1952,3.9314,3.8052,4.4367
1.1237,1.0166,0.59497,1.9981,2.8238,2.6975,3.0987
0.82619,0.72484,0.56735,0.93754,2.7354,2.6512,3.3534
0.79112,0.72933,0.62229,0.76664,1.5201,1.6624,2.2364
0.82043,0.7636,0.6243,0.95097,1.8495,1.9172,2.2467
0.77066,0.71343,0.57221,0.99991,2.0592,2.117,2.5011
0.77332,0.7239,0.57282,1.0031,2.091,2.0599,2.4858
1.3059,1.0326,1.0096,1.8035,2.0428,2.727,2.7316
0.75492,0.69204,0.49405,0.82814,1.9515,2.044,2.5502
0.7962,0.70843,0.57471,0.85432,2.1054,2.1913,2.5794
0.74032,0.6882,0.54634,0.74829,1.9715,1.9125,2.4906
0.7787,0.71532,0.53365,0.87342,1.5297,1.6131,2.0678
0.78546,0.73226,0.53781,1.0036,2.3597,2.4137,2.979
0.77806,0.7212,0.60923,0.84831,1.9739,1.9461,2.3481
0.84918,0.78998,0.58035,1.0582,1.486,1.7701,2.203
0.78174,0.76535,0.54855,0.90164,1.7883,1.8271,2.3322
0.76597,0.72706,0.61081,0.89124,1.7911,1.9113,2.2411
0.79136,0.75713,0.58932,0.92054,2.3609,2.2987,2.7407
1.7673,1.2229,1.3427,2.6716,3.8096,3.1242,3.2352
0.81623,0.72341,0.5436,0.8847,1.7301,1.7243,2.0094
1.9118,1.4835,1.5831,2.6093,4.8485,4.8351,5.1521
1.6144,1.2901,1.4032,2.2306,3.6888,3.4908,3.7224
1.7271,1.359,1.4647,2.1842,3.4776,3.6367,3.9428
1.4975,1.1087,1.3546,1.8883,3.3255,3.3372,3.5382
1.7935,1.3376,1.4021,2.0742,3.2704,3.342,3.7035
1.5376,1.1059,1.1847,1.6575,3.2369,3.1634,3.3075
1.5597,1.1473,1.4482,1.7252,3.3073,3.2656,3.4746
1.5291,1.0707,1.1246,1.7141,2.8862,2.8849,3.0259
1.9061,1.512,1.4765,2.3331,4.5351,4.6935,5.0517
1.5599,1.2966,1.3733,2.4461,4.4553,3.4828,3.1801
1.663,1.2589,1.2241,1.8932,3.5855,3.5704,3.8071
1.6938,1.2938,1.6243,2.4074,3.879,3.8584,4.1267
1.7796,1.2896,1.5803,2.3211,3.4026,3.5042,3.7004
1.6193,1.1519,1.4873,1.8099,3.379,3.4989,3.8469
1.7006,1.3213,1.5317,2.1512,3.2632,3.3087,3.4942
1.8467,1.4376,1.8045,2.5255,4.1477,4.2671,4.6172
1.731,1.3791,1.8172,2.2516,4.2877,4.1333,4.3079
1.0133,0.92859,0.72092,1.6201,4.0331,3.8911,3.7738
1.0019,0.91203,0.75507,1.6292,2.9716,2.881,2.4777
1.4014,1.3682,0.85995,2.4724,4.9269,4.8569,4.6202
1.7822,1.4867,1.4429,2.2272,4.4303,4.2365,4.0711
2.0241,1.5089,1.2327,2.8772,4.2098,4.0736,4.288
1.4962,1.494,1.1058,2.6455,4.1914,4.1515,4.5189
1.1406,1.149,0.65842,1.9078,3.8685,3.5804,3.3348
1.5497,1.6266,0.95929,2.8841,4.1836,4.3873,4.7911
1.4058,1.4726,0.89425,2.5693,3.8883,3.794,3.8063
1.5296,1.6446,1.148,2.4323,3.928,3.9957,4.0892
1.4599,1.6368,0.92049,2.5265,4.5581,4.6466,4.669
1.8956,1.9513,1.3597,3.6518,4.616,4.6754,4.7266
1.9541,2.1797,1.3242,3.7254,4.6129,4.7467,5.2598
1.4951,1.6909,0.91127,2.6256,3.6408,3.8597,4.5259
1.7531,1.9667,1.2247,3.1413,4.4815,4.7325,4.88
1.853,1.511,1.481,2.9345,3.6156,3.202,2.9476
1.6414,1.8688,1.0141,2.9134,4.4025,4.5576,4.7985
1.4869,1.6785,0.90616,2.5155,4.7945,4.7107,4.591
1.7742,1.5992,1.0376,2.8683,4.4231,4.4414,3.5105
2.1192,1.9607,1.1787,3.9241,3.6677,3.7863,3.0353
1.7891,1.5545,1.216,2.8685,3.7261,3.642,3.1237
1.7706,1.6514,1.0398,2.874,4.4254,4.4693,3.4219
1.8126,1.5654,1.1599,2.7319,4.3824,4.171,3.5637
1.3713,1.1739,0.81309,2.438,4.2902,3.4692,2.5259
1.6655,1.4587,1.0133,2.7232,3.2682,3.3308,2.5539
1.6825,1.3729,0.94582,3.3904,3.9499,3.6813,3.0911
2.5233,1.8138,1.629,4.5117,4.5552,4.8748,5.2331
1.4215,1.2146,0.91695,2.3036,3.1392,3.2016,2.5159
1.4812,1.2607,0.76772,2.4182,3.9304,4.1069,3.1063
1.7813,1.4465,1.2567,3.5649,3.9987,4.3767,3.1658
2.437,2.197,1.3315,4.3113,5.5121,5.6876,4.4763
1.687,1.6767,1.133,2.7104,3.9725,4.3897,3.4773
1.874,1.7491,1.1623,3.1133,4.046,4.1445,2.9107
1.614,1.4012,0.94319,2.6778,4.9054,4.9393,3.5348
1.6366,1.543,0.82939,2.8764,3.6459,3.4828,2.455
2.8441,2.5606,1.5325,4.7283,7.3009,7.2842,7.5636
2.6672,2.6787,1.5326,5.0304,6.7422,6.4833,6.5937
2.2464,1.7246,1.2785,3.0316,4.0952,4.199,4.3446
2.4719,2.3779,1.488,4.4117,5.939,5.8604,6.1218
2.5375,2.4312,1.5441,4.1376,5.9421,5.6584,5.6894
2.9902,2.8876,1.9529,4.8397,6.505,6.4173,6.8697
1.8395,1.8098,1.2084,3.2504,6.2677,5.7544,5.7799
2.4264,2.1911,1.6051,3.9928,5.7505,5.5937,5.7608
2.1495,2.3923,1.3483,4.7369,5.7686,5.5731,5.9976
2.4143,2.2157,1.4625,4.4118,4.9863,4.9204,5.1275
2.1931,2.1032,1.191,4.041,5.365,5.0677,5.1638
1.6501,1.7585,0.99617,3.9958,5.2608,4.976,5.0229
1.9855,1.9444,1.1551,4.6005,5.1781,5.0319,5.195
2.1425,1.8876,1.6886,3.3298,4.5426,4.3666,4.3046
1.9906,1.8967,1.1172,3.7043,5.0313,4.845,5.0122
2.4545,2.281,1.2993,4.948,4.8765,4.8683,5.1773
1.6747,1.6107,0.9577,3.1025,4.7235,4.5943,4.8331
2.0423,1.973,1.0469,3.9362,4.2782,4.2973,4.5269
1.9194,1.9583,1.3843,2.6773,3.4229,3.2675,3.212
1.9277,1.9586,1.2463,2.802,4.3461,4.2195,4.4567
2.1052,2.3054,1.3918,3.2852,4.2044,4.1898,4.3488
2.1357,2.1983,1.3372,3.4676,5.0432,5.3168,5.5133
2.4422,2.3917,1.4678,3.7164,5.1242,5.5396,5.4686
2.1723,2.1999,1.3657,3.5448,5.039,4.7612,4.7068
2.0543,1.6087,1.5081,2.9836,4.4117,4.4245,4.8646
2.7508,2.7008,1.5112,4.2565,4.8751,5.4617,5.7242
2.3459,2.3048,1.4048,3.8944,5.4529,5.9916,5.881
2.3791,2.5665,1.5607,4.0003,4.8987,5.3166,5.406
2.204,2.3451,1.3031,3.4753,5.0222,5.6673,5.8193
2.5852,2.5826,1.7822,4.8042,5.1842,5.7991,5.9337
2.3028,2.4768,1.4781,3.7916,4.1027,4.1601,4.2408
2.7119,2.6741,1.4939,4.4913,5.95,7.2264,7.2529
2.7454,2.7505,1.6466,4.2252,4.8887,5.6312,5.5071
2.696,2.6847,1.5742,4.298,5.4486,6.3951,6.5072
2.2171,2.216,1.4041,3.5113,3.8166,4.1132,4.1736
1.831,1.606,1.2367,2.4192,3.7392,3.3819,3.5314
2.6038,1.9862,0.95069,3.215,8.3044,7.4073,7.106
1.8803,1.535,0.91546,2.7533,4.8696,4.5861,4.4292
2.5205,2.5216,1.3524,2.7057,5.2229,5.0152,4.96
1.6119,1.5632,0.83466,2.6536,3.6548,3.5846,3.772
1.917,1.9769,1.328,2.7642,4.7486,4.9679,4.9979
1.7729,1.4216,1.3712,2.6732,4.0133,3.5298,3.4745
1.8662,1.8849,1.2609,2.3033,4.9172,4.6008,4.5627
1.9765,2.0352,1.3826,2.5104,3.9495,3.9493,4.2071
1.9907,1.9491,1.1946,2.7098,4.436,4.2629,4.0872
1.901,1.9707,1.1144,3.0645,4.3274,4.1675,4.2552
1.5599,1.6726,0.76282,2.9329,4.1258,4.1849,3.9847
1.6994,1.814,1.0658,2.6015,4.6901,4.6509,4.6859
1.7302,1.8386,0.91842,2.6207,4.647,4.5317,4.8533
1.811,1.8664,1.2191,3.6717,5.266,4.9678,5.076
1.8092,1.8263,1.1057,2.8239,5.2344,5.0434,5.1686
2.1595,2.2235,1.4542,3.0294,5.265,5.1183,5.2596
2.0419,1.5859,1.5937,3.2059,4.7644,4.1883,4.6868
2.1049,2.105,1.3619,3.0362,5.4865,5.5747,5.3491
2.2031,2.4308,1.6408,3.0546,5.1058,5.3259,5.7345
1.9598,2.0118,1.1354,2.4977,4.598,4.4017,4.5683
1.9212,1.6167,1.059,2.5461,5.7434,5.4194,5.3642
1.9526,1.765,1.0128,3.3034,6.0872,4.9494,5.0801
1.7364,1.4708,1.0273,2.7411,4.7755,4.4961,4.724
1.7643,1.3972,0.8528,2.2701,4.0991,3.958,3.5498
1.8129,1.4346,1.0585,2.4689,5.595,5.2493,5.0863
1.8541,1.5673,0.81151,2.6862,5.0218,4.4004,4.0594
1.669,1.2348,0.88068,2.1015,3.3992,3.5342,3.2253
1.8563,1.4585,1.1922,2.6826,4.1251,3.8568,3.9288
1.7376,1.3163,0.85394,2.2298,3.8052,3.6064,3.1629
1.6332,1.44,0.90368,2.3447,3.9075,3.7396,3.9166
1.5185,1.235,0.71081,2.0091,4.1035,3.6131,3.5153
1.5407,1.2575,0.98366,2.3091,4.1169,3.6478,3.5726
1.6764,1.3851,0.79623,2.3215,3.3309,3.5551,3.1846
1.7154,1.4842,0.87951,2.3874,4.1512,4.7596,4.516
1.6045,1.3651,0.94699,2.2968,4.0651,4.3234,4.09
1.5841,1.4305,0.79013,2.3028,3.9727,3.8497,3.852
1.4853,1.317,0.73161,2.1161,3.6418,3.6413,3.4201
1.6703,1.4263,0.92025,2.2089,3.279,3.1886,3.9847
1.8956,1.5629,1.4391,2.6333,4.7981,4.5172,4.6744
1.8507,1.3979,0.95944,3.0681,3.5105,3.302,3.913
1.8225,1.5389,0.92892,2.9586,3.2799,2.9719,3.6495
1.6132,1.3406,0.82988,2.2395,3.0747,2.9345,3.3683
1.8261,1.6292,1.1266,2.6292,3.5438,3.3322,4.1471
1.7312,1.4371,0.86744,2.5353,3.6333,3.2382,3.765
1.7267,1.443,0.93597,2.7536,3.1943,3.0726,3.8025
1.3986,1.26,0.70042,2.3542,2.8101,2.5778,2.9919
1.7788,1.5486,0.94498,2.5231,2.7193,2.7974,3.322
1.701,1.4523,0.7789,2.4354,3.222,3.2334,3.8573
1.6732,1.3937,1.0741,2.8518,3.3198,3.2665,3.6071
1.8722,1.5013,1.1664,2.6255,4.0924,3.6127,3.4786
1.6544,1.409,0.83791,2.6308,2.7807,2.8454,3.1506
1.544,1.4155,0.89942,2.2867,3.483,3.2365,3.764
2.7263,2.4033,1.4449,4.3542,4.4901,4.5439,5.3316
1.777,1.5477,0.94474,2.8285,3.7675,3.7264,4.479
1.8112,1.6663,0.94072,3.4495,3.4604,3.2747,4.4422
1.1197,1.0326,0.73186,1.6604,2.9123,2.8093,3.2472
0.94756,0.90867,0.74517,1.4535,1.6918,1.7643,2.2443
1.0115,0.95196,0.79109,1.6523,2.9569,2.8845,3.3265
1.0127,0.91928,0.69656,1.3754,2.7754,2.8219,3.4001
1.0687,1.076,0.86858,1.6854,3.3045,3.1873,3.6466
1.8611,1.4868,1.3523,2.4945,3.2722,3.5541,3.654
0.98036,0.96309,0.67251,1.4318,3.2352,3.051,3.7467
1.0061,0.99379,0.8265,1.5489,2.6309,2.4977,2.9416
1.0136,0.99171,0.73106,1.6328,2.5647,2.4699,3.1441
1.0765,1.0111,0.68645,1.5167,2.3509,2.3815,2.9679
0.98801,0.98649,0.67697,1.4521,2.3874,2.3323,2.9018
1.0699,1.0042,0.82706,1.7433,2.8402,2.7194,3.281
1.067,1.0279,0.72375,1.7503,2.1937,2.2452,2.6572
1.1232,1.1073,0.76653,1.6935,3.5061,3.0376,3.4214
1.1059,1.1637,0.8643,1.7156,2.7579,2.6678,3.0509
1.1046,1.105,0.76715,1.6835,3.2572,3.1411,3.9034
2.1672,1.6743,1.431,3.5104,4.2738,3.4861,3.8339
1.0737,1.0798,0.71899,1.6582,2.4973,2.4554,2.9993
2.0067,1.7622,1.8135,3.7859,5.6964,5.3407,5.6013
1.7858,1.3645,1.5137,2.9418,3.9583,4.2115,4.4944
1.7243,1.3403,1.5757,2.5874,3.9003,4.2089,5.0187
1.838,1.7447,1.868,3.4461,4.6068,4.8678,5.3734
1.7045,1.4249,1.5556,2.7016,3.7473,3.7718,4.209
1.8472,1.6262,1.9257,2.9781,4.1679,4.0746,4.3652
1.5939,1.3111,1.2876,2.4005,2.9297,3.0766,3.5765
1.8367,1.6017,1.6057,2.9395,4.0028,4.2487,4.9375
1.732,1.5236,1.5301,2.6539,4.0674,4.1113,4.6322
1.85,1.5802,1.3286,2.8678,4.2308,3.9683,3.9488
1.6557,1.3509,1.5262,2.6903,4.1144,4.2032,4.6554
2.0548,1.7126,1.8641,3.3257,4.5066,4.5651,4.9886
1.7655,1.46,1.6312,2.6745,4.2316,4.4149,4.8704
2.0633,1.7353,1.9614,3.4608,4.4652,4.5769,4.9769
2.0149,1.7176,1.8619,3.2915,4.2894,4.3289,4.8088
1.7031,1.378,1.5171,2.5836,4.0968,4.2229,4.704
1.5012,1.4816,1.3724,2.6065,4.3816,4.371,4.5021
1.4543,1.3538,1.2216,2.4503,4.1295,4.1975,4.1854
1.7238,1.7483,1.4041,3.0614,5.331,5.2376,4.9286
1.3969,1.3291,1.1381,2.3234,4.0846,4.0949,4.1014
2.002,1.5743,1.5758,2.4821,4.4168,4.4186,4.1526
1.657,1.3713,1.2178,2.5689,4.4223,4.1231,4.0998
1.1151,1.2058,0.60479,1.7671,3.18,3.0553,2.7774
1.214,1.2932,0.65779,2.074,2.8532,2.9316,2.9995
1.3478,1.5193,0.80161,2.527,3.7204,3.5105,3.1415
1.2975,1.4883,0.7248,2.3049,3.8898,3.9191,3.972
1.1991,1.3587,0.67701,2.0602,3.7918,3.8294,3.6666
1.375,1.4247,0.91845,2.5308,3.4507,3.3847,3.2534
1.5073,1.6431,0.91897,2.6964,3.548,3.6521,3.7084
1.269,1.3735,0.74305,2.1154,3.1485,3.2979,3.7801
1.3759,1.5443,1.0128,2.4761,4.2114,4.2307,3.8932
1.4126,1.604,0.76063,2.4678,3.6212,3.697,3.7269
1.8728,1.5868,1.4661,2.9408,4.3428,3.8719,3.6439
1.7239,1.5339,0.95101,2.6135,3.8839,3.998,2.9666
1.8038,1.6924,1.0186,3.3063,3.2315,3.5701,2.7279
1.6713,1.4635,1.1127,2.6281,3.5983,3.5757,2.9572
1.2525,1.1503,0.84477,2.0307,3.2544,3.4628,2.7053
1.7396,1.5089,1.1551,2.6785,3.9574,3.9759,3.2126
1.3444,1.105,0.79513,1.9705,3.2625,2.9629,2.3688
1.6424,1.3961,1.0556,2.522,3.6136,3.4831,2.4769
1.3045,1.0719,0.89206,2.2235,3.2766,2.9702,2.5194
1.2023,0.95146,0.75809,1.5455,1.9878,2.1904,1.7287
1.3137,1.0981,0.742,2.2005,2.9552,3.2845,2.401
1.9525,1.3953,1.3381,3.1478,3.5376,3.4996,3.6569
1.3179,1.0422,0.97406,2.5324,2.3328,2.6072,1.7576
1.4334,1.1539,0.92003,2.311,2.7091,3.3218,2.2476
1.3265,1.0788,0.99176,2.3516,2.746,3.2384,2.3654
1.5972,1.3121,1.0959,2.6004,2.763,3.1367,2.2569
1.4802,1.1867,0.9226,2.311,2.7934,3.8455,2.1447
1.2016,1.0264,0.7625,1.8268,2.5659,2.8477,1.5597
2.5845,2.4035,1.8487,4.3611,6.5078,6.186,6.3722
2.6747,2.4758,1.5309,4.7124,5.9471,5.4471,5.4955
2.7916,2.7039,1.5967,5.2048,7.1908,7.1871,7.6247
2.5748,2.5157,1.9683,4.7901,6.9009,6.5839,6.899
1.9713,1.5678,1.2653,2.8087,4.6017,4.2818,3.9799
2.9532,2.6334,1.8333,5.0334,6.2905,5.9905,6.4267
2.0989,1.922,1.3745,3.6565,5.2593,4.9038,5.3323
2.187,2.1313,1.3297,4.084,5.9168,5.7202,5.9965
2.2598,2.2953,1.2765,4.5515,5.1638,5.0313,5.4524
2.5127,2.4256,1.4646,4.4959,5.0253,4.8476,5.0708
2.5173,2.371,1.3653,4.2879,6.3157,6.0313,6.3919
2.6815,2.6631,1.916,4.9958,6.339,5.9353,6.0798
1.9163,1.8393,1.2439,4.0354,4.832,4.7144,4.9255
2.2894,2.1211,1.6744,4.0014,7.3721,7.1324,7.7064
2.5802,2.3495,1.5979,4.9547,6.0761,6.0824,6.4731
1.9229,1.5395,1.3279,2.7606,3.4517,3.5832,3.6678
2.4274,2.2924,1.7275,4.5755,7.776,7.635,8.2669
2.7809,2.424,1.4924,4.6221,5.9838,5.9759,6.5172
1.9805,1.9824,1.4069,2.6173,3.4594,3.4012,3.3793
1.6686,1.7186,1.4479,2.3878,3.9236,3.7616,3.5889
1.8173,1.9779,1.4798,2.6479,3.6908,3.5618,3.5776
1.6902,1.9009,1.4275,2.3587,3.1906,3.0442,3.0816
1.8239,1.9339,1.4059,2.6098,3.2933,3.3491,3.426
1.7792,1.8925,1.3146,2.6911,3.6128,3.2948,3.3566
1.7531,1.8912,1.373,2.5545,2.8948,2.8663,3.0152
1.5486,1.7393,1.1189,2.5107,2.6654,2.5578,2.2476
1.8671,1.4368,1.3454,2.4087,3.8983,3.9647,4.3591
1.7188,1.8227,1.1918,2.5238,2.8501,2.6936,2.7453
1.6811,1.7295,1.2448,2.4223,2.9618,3.1277,3.1418
1.7313,1.7109,1.3721,2.5521,2.8839,2.8642,2.911
1.8989,1.8684,1.2544,2.7588,2.9647,3.1429,3.1221
1.8566,1.735,1.1983,2.5174,2.9992,3.4257,3.4923
1.7875,1.8246,1.2858,2.4111,2.9761,3.127,3.1068
1.8028,1.7601,1.1864,2.5266,3.3762,3.6144,3.668
1.8429,1.7168,1.1248,2.5731,2.897,3.1746,3.1204
1.8194,1.4841,0.79061,2.1516,5.7269,5.5962,5.0853
1.5175,1.2726,0.82178,2.2089,3.8037,3.8746,3.7375
1.9115,1.5397,1.261,2.3999,4.034,3.2341,3.2931
1.6102,1.4513,0.91732,1.9796,4.4633,4.5843,4.4544
1.6213,1.3616,0.66006,1.8467,4.5394,4.2763,4.2403
2.4492,2.558,1.4594,2.7908,5.4482,5.2142,5.1174
1.6738,1.6321,1.0208,2.5508,3.3635,3.1923,3.2631
1.5538,1.5768,1.2714,2.3323,3.631,3.6587,3.7271
1.7088,1.2734,1.3973,2.4012,3.6168,3.0458,2.8466
1.5642,1.6564,0.90056,1.9564,3.6749,3.5999,3.6459
2.0288,1.9842,1.5204,2.3985,4.2202,4.1146,4.2533
1.6505,1.6176,0.9331,2.2439,3.7406,3.403,3.2735
1.6817,1.6169,1.0901,2.2204,3.1094,3.0524,3.1955
1.4097,1.417,0.84822,2.2033,3.0859,2.9646,3.0171
2.1231,2.2622,1.396,2.8383,5.0669,5.4551,5.8656
1.4289,1.4767,1.0989,2.6487,3.9533,3.8231,3.6624
1.7922,1.7294,1.2127,2.1867,4.2125,4.2336,4.4404
1.6838,1.6397,1.2293,2.1995,4.0687,3.986,3.951
1.5515,1.5229,0.99145,2.0079,3.5162,3.5439,3.6604
1.9521,1.5955,1.6673,3.1788,5.2319,4.3435,4.7197
1.6731,1.6362,0.99007,1.8528,3.5065,3.2089,3.4782
1.6752,1.4065,0.75521,2.0986,5.8184,4.8815,4.9816
1.5609,1.2503,0.74329,2.0326,3.8405,3.0391,3.1232
1.5871,1.3614,0.84534,2.2699,4.1325,3.8413,3.8687
1.5678,1.2147,0.73304,1.843,3.7827,3.5343,3.3478
1.4567,1.1234,0.75472,1.7996,3.7552,3.4786,3.5173
1.5249,1.291,0.69481,2.061,3.9464,3.4039,3.3154
1.455,1.1267,0.75257,1.8226,2.9776,3.2287,2.8933
1.6153,1.2807,0.77978,2.1537,3.4252,3.065,2.976
1.646,1.461,0.83685,2.2853,4.0859,3.9086,3.6586
1.7295,1.3707,1.1999,2.4051,3.5918,3.0114,3.1657
1.4754,1.2956,0.66683,2.1512,4.1212,3.318,3.3342
1.4636,1.3195,1.0348,2.2846,4.569,3.8494,3.9507
1.624,1.4534,0.82424,2.4116,3.4482,3.0454,2.9893
1.454,1.2537,0.76202,1.9681,3.6423,3.4591,3.7002
1.4637,1.3146,0.80917,2.1026,3.9563,3.5864,3.716
1.6223,1.4934,0.75418,2.378,3.3944,3.455,3.1425
1.5363,1.4044,0.76348,2.1893,3.9669,3.0838,3.3061
1.2494,1.0087,0.72505,1.7128,2.8744,2.7596,3.207
1.2056,0.9211,0.74126,2.104,2.658,2.5664,2.9689
1.299,1.1023,0.72932,2.0502,3.2927,3.2319,3.7527
1.8069,1.3843,1.4323,2.3942,4.1096,3.9809,3.8798
1.2206,0.98285,0.59856,1.823,3.2207,3.1424,3.4486
1.3467,1.087,0.83407,1.8218,2.9624,2.486,2.9175
1.2066,0.98983,0.58793,1.7102,4.0822,3.5289,4.3902
1.8959,1.4601,1.108,2.8212,4.8237,5.0459,6.2322
1.1159,0.97293,0.60987,1.8588,2.7736,2.4631,3.1569
1.4862,1.2928,0.72059,2.5556,3.1144,3.0993,3.8073
1.4483,1.1855,0.717,2.0523,3.0587,2.9224,3.5874
1.3651,1.1725,0.77457,2.5511,3.569,3.1348,3.7563
1.7803,1.4569,0.91069,3.1048,3.8464,3.8742,4.6835
1.1982,1.1089,0.66571,1.923,3.5082,3.2527,4.0473
1.5981,1.223,1.0915,2.1665,3.8413,3.3457,3.275
1.8361,1.553,0.9524,2.7774,3.8303,3.499,4.2487
1.9691,1.5105,1.1044,2.8299,4.4671,4.2242,5.6808
1.4854,1.3039,0.80393,2.2985,3.276,2.9511,3.7578
1.0541,0.95515,0.68638,1.5313,2.997,2.9623,3.4856
0.9708,0.91437,0.64544,1.5104,1.9563,1.9183,2.563
1.1083,1.0617,0.79833,1.8092,3.4742,3.1222,3.7426
0.9751,0.89619,0.64417,1.3703,2.0652,2.1752,2.7235
1.0533,1.0429,0.7788,1.682,2.5919,2.3806,2.9693
0.96752,0.88984,0.63046,1.341,1.9286,1.9168,2.3513
1.0347,0.92053,0.70484,1.386,2.0912,2.09,2.498
1.8029,1.397,1.3423,2.4082,3.0995,3.1479,3.1984
0.93206,0.87468,0.65291,1.3029,2.4104,2.1758,2.9644
0.99564,0.95147,0.65525,1.35,1.9851,2.0032,2.5187
0.96776,0.86658,0.66611,1.1739,1.7229,1.8063,2.5988
0.96267,0.93482,0.77929,1.3994,1.6544,1.6197,2.4236
0.98397,0.9452,0.67158,1.3149,1.2256,1.4478,2.474
1.0661,1.0257,0.69978,1.5268,1.8264,1.8571,3.2664
1.0033,0.88659,0.73135,1.2961,1.6315,1.7268,2.8392
0.99894,0.94455,0.72929,1.3982,1.8087,1.8827,3.3992
0.92216,0.82565,0.69339,1.2009,1.3792,1.4984,2.844
1.7439,1.429,1.9271,2.4781,4.4291,4.4406,4.748
2.1616,1.6659,1.6031,3.5871,4.2261,3.0993,3.2177
1.5408,1.3518,1.3736,2.4413,3.5471,3.2333,3.311
1.5518,1.2252,1.7051,2.1196,3.4642,3.6043,3.9398
1.603,1.1296,1.5955,1.8868,3.1931,3.0948,3.4035
1.7272,1.3621,1.5428,2.6209,3.6721,3.7865,4.0308
1.6377,1.4698,1.3967,2.5178,3.5918,3.5055,3.6377
1.653,1.3475,1.8539,2.4378,3.3586,3.2405,3.4223
1.5315,1.1272,1.3291,1.7991,2.84,2.7647,2.9011
1.601,1.1993,1.4738,2.0538,3.1435,3.0526,3.1719
1.6919,1.2938,1.5943,2.1217,3.8125,3.8225,4.0536
1.9428,1.6633,2.0605,3.2702,4.7045,4.5837,4.7369
1.7465,1.3961,1.3192,2.4365,4.102,3.3708,3.1553
2.1353,1.785,2.0604,3.2824,4.4996,4.5657,4.7282
1.7425,1.4553,1.738,2.0993,3.5049,3.6632,4.0073
2.5754,2.0721,2.5819,3.9384,4.8618,5.0993,5.5567
2.0261,1.6669,2.1597,2.9849,4.3945,4.3356,4.6093
1.7351,1.4093,1.6036,2.4411,3.9324,3.8436,4.0132
1.2597,1.359,0.95974,2.1984,4.2456,3.9812,4.1807
1.0991,1.0664,0.88831,1.7731,3.0797,3.152,3.1219
1.4334,1.5793,1.0078,2.5587,4.1459,3.997,4.0883
1.2319,1.3392,0.80667,2.0113,4.4285,4.3974,4.3268
1.1323,1.2759,0.89041,2.0432,3.7999,3.6737,3.7009
1.74,1.4251,1.3487,2.2253,4.2027,4.1238,3.7727
1.5427,1.3005,1.0321,2.2883,3.7019,3.4392,3.494
1.5308,1.5837,1.0753,2.2756,4.6267,4.3814,4.3794
1.4415,1.5571,0.867,2.3761,4.7926,4.3915,3.8302
1.3604,1.5163,1.0036,2.3277,3.8302,3.8826,4.0652
1.3339,1.4898,0.86547,2.3718,3.6103,3.4544,3.3569
1.4761,1.6395,0.86759,2.5263,4.5461,4.4704,4.4474
1.1849,1.2789,0.69974,1.911,3.4257,3.4298,3.4108
1.6572,1.7033,1.2993,2.9364,4.0816,4.0681,3.9197
1.7979,2.0278,1.1256,3.3751,4.4471,4.4643,4.7222
1.7892,1.891,1.178,2.8361,4.3374,4.3589,4.7688
1.5981,1.7315,1.2354,2.7421,4.1037,4.2185,4.2566
1.7363,1.4922,1.3371,2.878,4.145,3.2354,3.0147
1.579,1.6907,0.99614,2.6504,4.2683,4.3877,4.592
1.4206,1.5149,0.82264,2.3457,3.868,3.8438,3.9392
1.9451,1.8447,1.1462,3.3599,4.9881,5.0642,3.8586
1.9693,1.7964,1.1395,3.5972,3.9916,3.865,2.8895
1.9052,1.6638,1.2132,3.1472,3.7865,3.6716,3.0502
1.4722,1.2753,0.90151,2.2093,3.1693,3.0302,2.3002
1.9557,1.6258,1.2594,2.877,4.0916,3.7316,2.9154
1.5161,1.3715,0.89273,2.3287,4.0684,3.5384,2.4061
1.7537,1.4966,0.99527,3.0956,3.7648,3.5375,2.6873
1.6412,1.3644,0.95843,2.9812,3.889,3.8529,2.7937
2.0733,1.5348,1.4224,3.2885,4.9928,4.1889,4.3689
1.5463,1.3899,0.91415,2.725,3.6978,3.6202,2.6056
1.4618,1.2408,0.79458,2.4273,3.4485,3.2865,2.4227
1.7492,1.4929,1.2541,3.2968,4.2248,3.9802,2.748
1.6383,1.4657,0.9228,2.7595,3.6172,3.4461,2.5776
1.7736,1.5405,1.1395,2.9485,4.5663,4.5062,3.574
2.1549,1.9799,1.302,3.7708,4.7369,4.5537,3.4409
2.0743,1.7918,1.1711,3.4346,5.2165,5.135,3.6513
1.7166,1.522,0.85734,2.8516,4.7616,4.1679,2.9139
3.3002,2.7566,2.1352,5.2108,9.1854,9.0829,9.4368
2.5812,2.1415,1.5455,4.2483,5.7782,5.2774,5.351
2.0028,1.588,1.3391,2.9677,4.6115,4.1676,4.2159
2.4498,2.1106,1.5855,4.3498,7.2092,6.9997,7.3941
2.9963,2.4776,1.7784,4.8585,7.5023,7.3791,7.5974
2.4961,2.2237,1.6769,3.9946,7.0072,6.7943,7.2741
2.4244,2.0529,1.4826,4.1376,6.8239,6.1096,6.0728
2.2912,1.9636,1.8799,3.7128,7.214,6.8895,7.0214
3.0483,3.1321,1.8346,6.2966,8.2364,7.8055,8.5327
2.5576,2.2634,1.5347,4.2044,6.876,6.5444,6.8376
2.5854,2.2607,1.7956,4.6474,6.3575,5.9769,6.1709
2.8314,2.4486,1.7248,4.8765,5.371,5.3366,5.4696
2.8784,2.3891,1.9173,4.7012,7.7604,7.5442,8.2163
2.3278,1.8989,1.7615,3.7929,4.6283,4.6159,4.6683
2.5446,2.5439,2.1713,4.5593,6.2777,6.107,6.3801
2.5752,2.5552,1.9427,4.2803,6.8757,6.4771,6.9299
2.4424,2.2808,1.4489,4.1528,6.4295,6.3375,6.5349
1.963,2.0158,1.3969,2.6427,2.9755,3.1243,3.0919
1.9012,2.0755,1.412,2.6785,3.0785,3.1821,3.3254
1.8755,1.9306,1.378,2.7166,2.7514,2.9801,2.8859
1.8242,1.8747,1.3487,2.5576,2.8289,2.9029,2.865
1.8264,1.9104,1.3332,2.4657,2.5114,2.6355,2.6879
1.9981,1.9588,1.2759,2.7346,2.9199,2.943,2.9626
1.9914,2.0585,1.3466,2.8205,2.712,3.0759,3.1455
1.6653,1.4123,1.2584,2.4459,3.5681,3.557,3.8246
1.8867,1.9953,1.2692,2.9005,2.872,3.0362,2.9521
1.9485,2.0974,1.3388,2.9081,2.7235,2.8957,2.8816
1.9019,1.9861,1.3407,2.7195,2.7652,2.9374,3.088
1.8705,1.8661,1.3671,2.7216,2.5105,2.5995,2.6284
2.0487,2.1274,1.3777,2.9116,2.3977,2.7254,2.8794
1.9602,2.0718,1.3363,2.9347,2.72,3.1833,3.2286
1.9186,2.0105,1.3704,2.6754,2.2844,2.5894,2.5724
2.1155,2.0769,1.3662,3.1567,2.7636,3.2831,3.3298
1.965,1.9525,1.3044,2.766,2.6713,3.0385,3.1859
2.0886,1.687,1.1197,3.6097,4.694,5.0929,4.7878
2.0435,1.6581,1.3534,2.9988,4.0063,3.6806,3.9376
1.8722,1.7543,1.2874,3.0359,6.1612,6.8171,5.7474
2.0345,1.8918,1.0664,3.0785,6.0759,5.2396,4.8682
2.3441,2.3637,1.6658,2.3574,4.6674,4.4802,4.449
2.1024,2.0598,1.4022,3.2018,3.5493,3.3535,3.1482
1.9917,1.9691,1.8225,2.6239,3.762,3.8725,3.9827
1.7175,1.2642,1.2797,2.3023,3.9803,2.9596,2.8327
1.6512,1.7453,1.2622,1.566,2.9645,3.0354,3.3351
1.9944,2.0448,1.7108,2.2938,3.6178,3.4043,3.5629
1.681,1.743,1.3667,2.0587,3.3305,3.0012,2.9246
1.4852,1.4555,1.2736,1.9998,2.5558,2.6726,2.8411
1.4245,1.375,0.98402,1.9229,2.4588,2.3253,2.389
2.35,2.5174,1.7206,2.6575,4.6933,4.6809,4.9922
2.1904,2.0753,1.6605,3.583,4.0525,4.0731,4.0853
1.7231,1.7857,1.3326,2.3303,3.0679,3.0321,3.4372
1.8107,2.0312,1.4283,2.3272,3.3957,3.3699,3.8356
1.862,1.9086,1.5811,2.4795,3.5865,3.4446,3.6479
2.2132,1.7624,1.6755,3.4612,5.1616,4.8921,5.2461
1.7205,1.7218,1.3138,2.1136,3.2626,3.3123,3.564
2.0756,2.1102,1.4929,2.3222,3.2507,2.9989,3.3477
1.4492,1.336,0.79661,1.9996,4.3076,3.969,4.0607
1.3482,1.2392,0.74492,1.8946,3.6819,3.3546,2.9125
1.3771,1.2256,0.80752,2.0485,3.3048,3.516,2.9473
1.4392,1.1333,0.76695,1.864,3.4307,3.6076,2.9635
1.3306,1.1024,0.74732,1.8431,3.4667,3.5516,3.0196
1.436,1.2262,0.73054,1.8757,3.4334,2.881,2.7278
1.2422,1.0404,0.74971,1.6477,2.5758,2.5893,2.3642
1.5031,1.3235,0.85909,2.1266,3.4036,2.7457,3.3457
1.9398,1.5498,1.1712,2.7122,4.2732,3.8909,4.0617
1.4922,1.3148,0.72783,1.9668,4.9962,4.2623,4.8839
1.4395,1.2487,0.69761,1.9079,4.2413,3.4882,4.0619
1.434,1.2782,0.97162,2.0329,4.1392,3.6857,3.4562
1.1746,0.92894,0.69065,1.4049,2.4703,2.1441,2.0912
1.464,1.2997,0.73826,2.0866,3.9174,3.8196,3.7977
1.4791,1.2681,0.82833,1.9624,3.0188,3.1645,3.1178
1.4058,1.2627,0.72708,1.8663,2.7782,2.9574,2.4355
1.2564,1.02,0.68719,1.5403,2.717,2.2017,2.2012
1.9054,1.7432,1.1219,3.1398,4.5432,4.5526,5.8912
1.6635,1.5865,0.88212,2.823,4.4832,3.595,3.9664
1.8789,1.5579,1.4448,2.5809,4.5494,4.2392,4.2567
1.8125,1.5725,0.98366,2.9079,3.324,3.1932,3.7965
1.6399,1.5848,1.0105,2.6929,3.4561,3.8155,4.321
1.7863,1.4576,1.008,2.5306,3.4817,3.6036,4.2309
1.8696,1.5411,0.98295,3.1094,3.2787,2.9839,3.752
2.1675,1.7492,1.2216,3.3848,4.1783,4.1909,4.7345
1.7454,1.4919,0.93815,2.88,3.5777,3.0261,3.4339
2.0688,1.7483,1.0477,3.4996,4.8118,4.654,5.4745
1.7241,1.4832,0.77313,2.6426,3.2131,3.5245,4.1423
1.6813,1.3925,1.0752,2.9799,3.1109,3.5543,3.7311
1.6804,1.4065,1.0146,2.7948,3.5073,3.3572,3.9
1.7989,1.4777,1.1075,2.3734,4.4857,4.305,4.0352
1.6882,1.4588,1.0629,2.423,4.08,3.8025,4.2479
2.2013,1.8531,1.1495,3.7313,4.5716,4.3603,4.9875
2.1313,1.713,1.0409,3.7569,3.7208,3.8623,4.4502
1.866,1.6125,0.90041,3.0396,3.2716,3.4851,4.1102
1.3842,1.2801,0.80252,2.0443,2.6254,2.5379,3.8181
1.2683,1.2762,0.95002,2.0975,2.1445,2.1456,3.1359
1.2185,1.1871,0.87759,1.962,2.3744,2.3183,3.3809
1.1443,1.1741,0.72995,1.9492,2.3366,2.2682,2.757
1.2292,1.2134,0.83945,2.0639,2.4378,2.3008,3.5379
1.1145,1.0656,0.71287,1.7209,2.5212,2.3914,3.0494
1.8859,1.49,1.4552,2.7514,3.8649,4.2437,4.5287
1.3162,1.2483,0.83217,2.0186,2.3493,2.2486,3.2338
1.1743,1.1532,0.71929,2.172,1.8645,1.8394,3.2345
1.135,1.1438,0.70227,1.6985,1.8339,1.8596,2.7313
1.2051,1.1525,0.73709,2.0193,2.4761,2.4161,3.076
1.3333,1.3041,0.90985,2.3855,2.0523,2.1022,2.8701
1.5555,1.5156,0.79312,3.0496,1.8221,1.8822,2.9005
1.1908,1.2342,0.76183,1.9649,2.0134,1.9655,2.7428
1.3571,1.315,0.91219,2.1492,2.18,2.1021,2.9856
1.2097,1.1666,0.75866,1.9246,2.1301,2.0846,3.3321
1.3144,1.2355,0.76051,2.0452,2.4596,2.3897,2.9498
1.6529,1.2777,1.2026,2.3165,3.5067,3.1423,3.1326
1.894,1.8063,1.903,2.8904,4.7618,4.8129,5.2269
1.5249,1.3495,1.314,2.4733,4.0814,3.6549,3.946
1.1866,1.0263,1.3635,1.7399,2.9234,2.9538,3.3556
1.2458,1.0217,1.2385,1.788,2.8964,2.9832,3.4076
1.836,1.6773,2.0717,3.1225,5.4565,5.5524,5.9806
1.5662,1.3905,1.5107,2.4714,4.3125,4.1009,4.35
1.5053,1.4295,1.7843,2.5199,3.8072,3.8551,4.1608
1.2982,1.1964,1.3066,1.9272,3.0278,2.9745,3.3803
1.5007,1.2994,1.414,2.0779,2.9152,3.0303,3.4371
1.4958,1.2593,1.3738,2.0496,3.5284,3.6004,3.952
1.5506,1.2373,1.0786,2.1813,4.0445,3.1046,2.8783
1.6491,1.4766,1.6768,2.548,4.3585,4.3269,4.6905
1.643,1.3691,1.4787,2.3471,3.9574,3.9117,4.1326
1.4185,1.2576,1.5102,1.9164,3.0566,3.2012,3.5897
1.577,1.2538,1.4611,2.2237,3.7015,3.5522,3.8973
1.4285,1.2727,1.4247,1.9388,3.3108,3.2987,3.7219
1.6063,1.5022,1.3741,2.2851,3.3801,3.462,3.694
1.9086,1.8985,1.3764,2.7748,5.2527,5.1791,5.3492
1.532,1.5877,1.0957,2.7215,4.0647,3.981,3.8504
1.7965,1.9641,1.254,3.0359,5.1711,4.9019,4.6788
1.3659,1.3757,0.86673,2.0939,4.0795,4.1927,4.2558
1.4798,1.2009,1.1293,1.7851,3.0434,3.0423,2.933
1.7618,1.2787,1.1922,2.2028,3.7206,3.4657,3.5458
0.66472,0.70347,0.46913,1.0133,2.2318,2.1845,2.066
0.71504,0.80938,0.5765,1.0973,2.6483,2.4591,2.2918
0.63873,0.76358,0.44132,0.98051,2.4779,2.2161,1.8504
0.73784,0.77829,0.51246,1.0577,2.1623,2.0815,1.9375
0.96464,1.03,0.57683,1.6863,2.8625,2.7037,2.386
0.7244,0.77583,0.47145,1.0895,2.0873,2.0666,2.0502
0.69964,0.80114,0.47917,1.0821,2.4434,2.322,2.1336
0.80455,0.91097,0.70095,1.4436,2.149,1.9802,1.9702
0.75497,0.84904,0.53143,1.2031,2.1688,2.1522,2.2215
0.81779,0.93396,0.48792,1.3924,2.6346,2.5303,2.7306
1.7542,1.4501,1.4855,2.6671,3.5647,3.4308,3.2864
0.85167,0.97404,0.6417,1.5596,2.5467,2.4403,2.3813
0.82142,0.90739,0.52292,1.3396,2.4578,2.3821,2.1597
0.81704,0.89531,0.48667,1.3008,2.2955,2.2108,2.0817
1.1808,1.0297,0.84199,1.7045,3.3536,3.3882,2.1972
1.3654,1.1899,0.86114,2.0183,2.661,2.527,1.7613
1.3616,1.0959,0.91289,2.1848,3.2308,3.0883,2.0224
1.2084,0.88952,0.77692,1.67,2.6821,2.5108,1.8552
1.3192,1.0187,0.89995,1.8914,3.3241,3.27,2.3301
1.2152,0.93699,0.74177,1.6459,2.6531,2.2343,1.7019
1.1761,0.94157,0.77927,1.4977,2.474,2.2016,1.6496
1.7924,1.4056,1.356,2.4382,2.9513,3.1686,3.3353
1.175,0.89922,0.76883,1.6466,3.0138,2.6974,1.8351
1.2205,0.98129,0.88573,1.761,3.2992,3.1911,2.1683
1.3072,0.99658,0.72382,2.1153,3.0178,2.9758,1.8319
1.3418,0.99185,0.93231,2.2362,3.0733,2.8761,1.8949
1.3347,1.0653,0.8518,2.0567,2.5823,2.4924,1.6842
1.317,1.0203,0.88131,1.9455,3.1559,2.9972,2.4096
1.3147,1.0934,0.89473,2.0813,2.8147,2.5709,1.9332
1.3375,1.0999,0.82768,1.9334,3.834,3.8068,2.5274
1.316,1.122,0.80548,1.9436,3.0789,2.8837,2.0314
1.4665,1.2848,0.8794,2.3224,5.5158,5.2848,5.366
1.8636,1.4342,1.3563,2.6565,4.2461,3.9529,4.0183
1.6531,1.444,1.022,3.024,5.4806,5.1985,5.2336
1.8675,1.6207,1.2359,3.1723,5.8193,5.5735,5.7278
1.9193,1.9944,1.321,3.3459,5.1304,4.8939,5.018
2.0339,1.9403,1.4293,3.3788,6.0588,5.8661,6.411
1.8401,1.9612,1.2685,2.995,6.0756,5.5399,5.4856
2.1056,1.892,1.7012,3.0399,6.0571,5.8794,5.8737
1.6627,1.6944,1.1362,3.1878,4.8095,4.4823,4.7263
2.202,2.0079,1.1713,3.6275,6.0127,5.9198,6.304
1.9163,1.8577,1.097,3.6918,5.8184,5.628,5.8671
1.7755,1.7782,1.4224,3.2,5.3404,4.9887,5.0694
1.9313,1.6008,1.4783,2.6487,3.6422,3.7227,3.7171
2.5532,2.2573,1.568,4.4238,5.7195,5.686,5.7553
2.4448,2.0764,1.5801,3.9141,7.1283,6.7974,7.2241
2.1845,1.9281,1.9038,3.8116,6.0707,5.9329,6.3177
2.0601,1.9286,1.4,3.3637,7.7106,7.4529,7.6378
1.7737,1.6243,0.87177,2.9251,5.9397,5.514,5.8925
1.3593,1.6099,1.181,1.7546,1.9674,1.9689,2.0075
1.341,1.5945,1.2152,1.7539,1.7773,1.6773,1.6014
1.4513,1.6299,1.3187,1.9875,1.9623,2.1143,2.1936
1.4374,1.6776,1.2475,1.8982,1.9327,1.9872,2.0425
1.537,1.6695,1.2639,1.9626,2.2086,2.2601,2.3192
1.646,1.4139,1.3243,2.2021,3.8942,3.8118,3.6682
1.5252,1.6601,1.2092,1.9752,2.2313,2.1359,2.0365
1.5293,1.6688,1.2266,1.9825,2.1202,2.0976,2.124
1.4672,1.661,1.2544,1.9853,2.225,2.2321,2.1865
1.4468,1.5531,1.1626,1.9345,2.1348,2.1418,2.1859
1.4503,1.6901,1.2147,1.875,2.2853,2.2788,2.3077
1.5281,1.6462,1.2546,1.9002,2.1506,1.9757,1.9991
1.4013,1.6116,1.2161,1.841,1.9899,1.9907,1.9412
1.4208,1.5943,1.2187,1.871,2.2182,2.43,2.4487
1.5538,1.7159,1.3131,2.0209,2.1215,2.1933,2.2355
1.5316,1.6554,1.2652,1.896,2.0859,2.119,2.2428
1.6055,1.325,1.1354,1.9407,3.0611,2.9812,3.2736
1.4861,1.6666,1.265,1.8509,2.0203,1.9844,2.0495
1.1586,1.0198,0.60704,1.3999,4.0066,3.538,2.7995
2.0061,1.8367,1.2651,2.3562,4.4064,4.2263,4.2785
1.6431,1.5981,1.2063,2.3231,2.107,2.0763,2.0344
1.3567,1.295,1.2295,1.6236,2.355,2.1163,1.9505
1.5853,1.2012,1.2395,1.9088,2.8642,2.7187,2.7599
1.3602,1.3026,1.0397,1.4287,2.0875,1.7883,1.7817
1.4709,1.3753,1.1649,1.4964,2.298,2.2265,2.2846
1.5433,1.4837,1.0067,1.7264,2.8296,2.392,2.1276
1.2024,1.0212,0.9128,1.1873,1.4335,1.403,1.4045
1.7243,1.7986,1.2866,2.4527,2.5576,2.0137,2.0287
1.1494,1.0794,0.8153,1.4317,1.7378,1.6181,1.624
1.8541,2.0994,1.3108,2.2652,3.1283,2.9783,3.0828
1.2709,1.2018,1.046,1.6908,1.75,1.4354,1.375
1.173,1.0721,0.84156,1.4878,1.8887,1.6047,1.6771
1.5202,1.6115,1.1765,1.764,2.2993,1.834,2.0537
1.9026,1.569,1.5514,2.8938,3.9585,3.5284,3.5099
1.6126,1.5866,1.4013,1.826,2.6713,2.3666,2.4959
1.9247,1.7507,1.5073,2.1464,3.2636,3.1893,3.379
1.3665,1.3968,1.0276,1.4755,2.0339,1.6647,1.9724
1.4249,1.0135,0.74778,1.4369,3.828,3.4107,3.3642
1.5587,1.1057,0.77682,1.8395,3.0836,3.0866,2.5366
1.436,1.1688,0.80053,1.9209,3.4596,3.5045,2.931
1.4283,1.0595,0.76368,1.5705,3.9656,3.5588,3.6116
1.4954,1.1088,0.87035,1.7203,4.2796,3.7143,4.0847
1.5657,1.2506,0.78938,1.9613,4.3514,3.345,2.8134
1.509,1.0185,0.81947,1.5726,2.7923,3.1092,2.2874
1.7399,1.2923,1.1093,2.2248,2.8908,3.0952,3.4187
1.5272,1.1496,0.81647,1.8775,3.4624,3.5737,3.0269
1.3376,1.1628,0.69949,1.7464,3.6299,3.8701,3.3068
1.4005,1.0506,0.71759,1.6621,3.5618,3.2839,3.0234
1.5327,1.0848,0.8853,1.7675,3.5357,3.2393,2.817
1.509,1.1843,0.76939,1.8692,3.1485,2.8829,2.5906
1.3761,1.1154,0.72542,1.6989,4.4228,3.778,4.1717
1.4004,1.0475,0.74922,1.7423,3.3627,3.4032,3.0684
1.4442,1.0522,0.75181,1.5851,3.2496,3.1233,2.6572
1.3056,0.90242,0.71134,1.348,2.1877,1.8991,1.6364
1.1499,1.0374,0.65722,1.5962,2.1874,2.2545,2.8403
1.7514,1.438,1.4357,2.4117,4.0283,3.911,3.5965
0.97538,0.88335,0.6428,1.6062,2.125,2.2154,2.6716
1.2021,1.1175,0.69016,1.8516,2.4449,2.8281,3.1186
1.0911,1.078,0.62981,1.6452,2.5151,2.7501,2.9078
1.3308,1.1096,0.81783,1.782,2.8621,2.8106,3.2054
1.33,1.2066,0.7105,1.7145,2.684,2.9463,3.2188
1.3311,1.0647,0.73025,1.7232,2.6336,2.6443,3.016
1.2766,1.1195,0.82084,2.0311,2.6182,2.3575,2.5603
1.2938,1.1387,0.65448,1.7066,2.3751,2.6365,2.9784
1.1249,1.0418,0.59078,1.5488,2.3965,2.664,3.2981
1.1902,1.0649,0.7679,2.2647,2.6641,2.8922,3.4701
1.6245,1.3483,1.1139,2.1411,3.5137,3.266,3.1606
1.1873,1.0545,0.65656,1.8804,2.1099,2.4057,2.9123
1.248,1.0862,0.68209,1.7046,3.0214,3.1158,3.4698
1.6547,1.3914,1.013,2.7466,3.2055,3.2932,3.7101
1.6624,1.6005,0.99769,3.3356,3.5179,3.6989,4.4595
1.3637,1.1756,0.79658,2.2944,3.4936,3.4475,4.192
1.0524,0.99336,0.64764,1.2631,2.0551,1.9507,2.7161
1.1442,1.0393,0.75367,1.4429,1.7166,1.651,2.1317
1.1488,1.0495,0.77277,1.4597,2.0472,1.9827,2.6167
1.0689,0.99613,0.74339,1.409,2.2178,2.0656,2.5827
1.0123,0.97256,0.72299,1.3564,1.7966,1.67,2.4863
1.8274,1.4356,1.3995,2.39,2.9952,2.9285,3.1276
0.97751,0.92188,0.67732,1.357,2.3959,2.3198,2.6961
1.0666,0.95639,0.69235,1.5456,1.8384,1.8001,2.4862
1.1802,1.056,0.80371,2.0285,2.3849,2.3851,3.7854
1.1852,1.0757,0.73608,1.7458,1.8543,1.7575,2.3218
1.2255,1.088,0.71925,1.6895,2.1248,2.0379,2.9893
1.1007,1.0131,0.7925,1.5339,1.8352,1.7453,2.292
1.2758,1.1674,0.77167,2.0444,1.9287,1.8534,2.3698
1.1348,1.073,0.71545,1.6665,1.7885,1.7461,2.6441
1.2466,1.1266,0.78167,1.7734,2.0457,1.9692,2.7474
1.133,0.98563,0.70722,1.6092,2.0975,2.0586,3.2707
1.9493,1.4546,1.5006,2.5378,3.8488,3.4358,3.4204
0.98726,0.89771,0.63096,1.1685,1.7354,1.6863,2.2485
1.771,1.5453,1.5302,2.625,3.2554,3.2213,3.6545
1.8893,1.6847,1.772,2.3857,3.4179,3.1501,3.4453
1.7327,1.4496,1.5939,2.4188,2.9396,2.9496,3.4794
1.9049,1.2722,1.4599,1.7698,2.9641,2.8311,3.2704
1.8809,1.4553,1.6206,2.1744,2.624,2.7301,3.1654
1.8181,1.5378,1.4196,2.3443,3.1946,3.0514,3.4899
2.0054,1.4656,1.6071,2.4122,3.3254,3.2824,3.6277
1.8916,1.2617,1.3174,1.7733,2.7919,2.5982,3.0242
1.5931,1.5099,1.5014,2.0483,2.7279,2.7758,3.0977
1.7437,1.3898,1.3533,2.3678,3.6164,3.4654,3.1361
1.6015,1.5753,1.4553,2.2462,2.8522,2.742,3.0997
1.7874,1.6602,1.78,2.6415,3.4472,3.3701,3.6739
1.9695,1.8738,1.7625,3.2334,3.7811,3.834,4.1165
1.9302,1.4225,1.6859,2.1816,3.0796,3.0758,3.4805
1.9385,1.6513,1.7354,2.7634,3.1023,3.1503,3.5233
1.9619,1.3667,1.6615,2.013,2.859,2.885,3.296
1.8279,1.7458,1.8942,2.6387,3.8399,3.9102,4.2458
0.81156,0.88924,0.50894,1.302,2.7256,2.4651,2.5354
0.7107,0.81519,0.60017,1.1851,2.1216,2.0098,1.7767
0.78316,0.96375,0.72268,1.36,3.2894,3.0898,2.8521
1.4846,1.2899,1.3131,1.8572,4.147,3.6181,3.1305
1.6514,1.4171,1.2726,2.3598,4.3242,4.0583,3.849
0.92333,0.88465,0.65307,1.4069,3.2388,3.2339,3.3669
1.0449,1.0316,0.7406,1.7048,3.198,3.1126,3.0892
1.1145,1.1067,0.64009,1.6952,3.4722,3.3184,2.9797
1.0526,1.0774,0.67548,1.8105,2.9124,2.9958,2.9315
1.2714,1.3273,0.73917,2.3672,3.3966,3.1745,2.9227
1.1617,1.2635,0.69151,2.1108,3.8249,3.8539,3.8557
0.96022,1.085,0.62914,1.6904,3.4945,3.3916,3.2501
1.1732,1.2015,0.88493,2.2033,3.551,3.4986,3.3032
0.97943,1.0074,0.64388,1.6557,2.4898,2.3702,2.4084
0.98529,1.0593,0.60431,1.7401,3.2852,3.2526,3.2282
1.7108,1.5401,1.5123,2.4665,3.4524,3.1782,3.1123
1.0701,1.1368,0.77565,1.7998,3.1887,3.1313,2.8945
1.2923,1.3164,0.71136,2.2474,3.5481,3.5769,3.3885
1.0956,1.2007,0.53915,1.933,3.1345,3.1091,2.8321
1.3983,1.3132,0.98275,2.3414,4.5568,4.4953,3.2387
1.4477,1.2839,0.84587,2.5278,3.8686,3.5177,2.6322
1.3245,1.1611,0.85079,2.2453,3.9947,3.7082,2.6858
1.523,1.2426,1.1743,2.3267,3.8612,3.6753,2.7481
1.3152,1.1749,0.80491,2.0297,3.7976,3.2757,2.2624
1.3114,1.1418,0.91561,2.1821,3.4837,3.3055,2.2805
1.33,1.158,0.86577,2.2635,3.709,3.5547,2.7097
1.7921,1.4366,1.5617,2.6694,3.5325,3.5803,3.5418
1.4061,1.1884,1.0342,1.9965,4.0996,3.8597,2.779
1.1734,1.0245,0.74728,1.7293,3.4308,3.3809,2.4322
1.4069,1.2609,1.1069,2.8902,3.9635,3.8005,2.3681
1.5198,1.3315,1.0014,2.788,3.9662,3.9177,2.7404
1.5101,1.3443,1.0527,2.3845,4.0163,3.9241,3.0216
1.6043,1.5372,1.2583,2.9176,4.5194,4.1536,3.0197
1.4473,1.3984,1.0603,2.5086,5.2018,4.7388,3.3451
1.4763,1.4204,0.92568,2.5265,4.1655,3.8124,2.8052
1.6815,1.4931,1.0026,2.7906,5.0885,4.8257,5.051
1.5561,1.4058,1.0134,2.5379,4.0045,3.4572,3.5214
1.7572,1.4308,1.3911,2.1273,3.503,3.2877,3.2809
1.6243,1.5745,0.95675,2.8348,4.0041,3.6703,3.969
1.8886,1.7425,1.1506,3.034,5.6835,5.2601,5.6159
1.4202,1.3154,0.88767,2.211,4.5853,4.0526,4.03
1.9565,1.8171,1.4359,2.9475,5.7446,5.4157,5.4985
1.4676,1.424,0.91483,2.7812,3.7796,3.1719,3.4603
1.4804,1.3574,0.99486,2.3558,3.8052,3.3681,3.5376
1.8096,1.6117,1.0121,2.9658,5.0196,4.6779,4.9572
1.7165,1.6399,1.3333,3.1579,4.7895,4.1928,4.1917
2.0512,1.7098,1.2215,3.4429,4.6383,4.2848,4.4082
1.7947,1.6236,1.1872,2.5902,4.9245,4.5521,4.807
1.9907,1.6117,1.5253,2.7265,3.5223,3.3905,3.1039
1.837,1.7029,1.3745,3.0569,4.6002,4.2648,4.492
1.6758,1.7407,1.1251,2.8164,5.39,4.825,5.0736
1.5517,1.5706,0.97973,2.6798,3.9362,3.4957,3.7271
1.4936,1.6198,1.2376,2.0864,2.9868,2.9687,2.9849
1.4627,1.6334,1.2541,1.9247,2.5988,2.3194,2.4436
1.4967,1.6996,1.2981,2.0471,2.4261,2.3534,2.1901
1.4682,1.5866,1.2537,1.9032,2.5478,2.2858,2.3262
1.5168,1.5974,1.2678,2.0186,2.5368,2.7579,2.5586
1.589,1.6285,1.2651,1.977,2.4967,2.2603,2.2258
1.5018,1.6017,1.2577,1.923,2.3872,2.0268,2.1093
1.7778,1.5601,1.4764,2.411,3.4619,3.3585,3.3704
1.4496,1.6141,1.2449,1.8944,2.5585,2.391,2.3361
1.4264,1.4692,1.1374,1.8997,2.6314,2.576,2.4197
1.5505,1.5132,1.2129,2.0173,2.9452,2.9971,2.8259
1.7533,1.7631,1.2951,2.6516,3.2496,3.3104,3.2772
1.5818,1.6125,1.2639,2.1365,2.2214,2.2739,2.2872
1.5218,1.538,1.2333,1.8809,2.1311,2.128,2.156
1.5923,1.572,1.2215,1.9816,2.5545,2.3849,2.4288
1.6008,1.5889,1.2928,2.1277,2.5723,2.6842,2.6579
1.5974,1.6246,1.2699,2.0905,2.6836,2.5835,2.6926
2.4853,2.0382,0.91366,3.5747,6.7589,6.7058,6.6387
1.7338,1.5717,1.5088,2.1801,3.7437,3.3846,3.4197
1.9793,1.6259,0.86964,3.023,4.7409,5.0235,5.0276
2.2574,1.8638,1.0038,3.2447,6.962,7.2004,7.0838
1.7969,1.7105,1.0667,2.0759,4.4175,4.1964,3.7438
1.5453,1.3691,1.0236,2.0964,2.8071,2.549,2.2428
1.9429,1.8253,1.4895,2.8109,5.7664,5.6477,5.5025
1.6423,1.3579,1.4087,2.3552,2.9699,2.8143,2.7208
2.1677,2.2121,1.4917,2.4788,6.1116,5.493,5.0524
1.9193,1.9441,1.5251,2.5489,3.83,3.2685,3.3731
1.5658,1.4739,1.1484,2.1714,4.4846,4.062,3.5972
1.7004,1.6712,1.3202,2.1952,3.402,3.2384,3.1421
1.3859,1.2368,0.87647,2.0969,3.0622,2.8929,2.6436
1.6055,1.4545,1.1362,2.1035,4.0154,3.546,3.1128
1.8156,1.7705,1.1647,2.2527,3.9523,3.7608,3.7493
1.6828,1.5429,1.3079,2.3962,3.5348,3.1278,3.0093
1.8494,1.859,1.3275,2.6324,4.2977,4.0642,3.779
1.5027,1.3901,1.0224,1.6872,3.4624,3.3231,3.2221
1.6394,1.3492,1.4629,2.3172,4.0258,3.7703,3.5483
1.6838,1.5964,1.2951,2.1108,3.4724,3.1955,3.2129
1.6586,1.7201,1.2091,2.0132,4.5883,4.4173,4.4366
1.7085,1.8474,1.163,2.0268,2.9116,2.694,2.7736
1.4813,1.0632,0.79665,1.7163,4.0797,3.8512,3.5226
1.5019,0.9703,0.7879,1.6312,3.1115,2.9208,2.4297
1.5163,1.0529,0.78984,1.7441,3.1075,2.7855,2.4981
1.4668,0.98049,0.77191,1.6108,3.2197,3.0717,2.5227
1.4993,0.96074,0.81628,1.6109,2.8755,2.7899,2.1114
1.5463,0.9959,0.77728,1.5672,3.4982,3.5943,2.4189
1.5192,0.96281,0.83534,1.6122,2.5513,2.5925,2.3738
1.4729,1.3273,1.2163,1.9774,3.6048,3.227,3.0092
1.4923,0.97671,0.76399,1.5359,2.5132,2.5061,2.1902
1.4475,0.9975,0.74958,1.5078,2.8025,2.5097,2.1113
1.4332,0.89383,0.72342,1.4153,2.5798,2.3866,1.968
1.5859,1.0457,0.8533,1.8945,3.2564,3.0426,2.5911
1.5592,0.96925,0.75355,1.6342,3.1306,2.9272,2.6064
1.5246,1.0891,0.79098,1.7805,4.1781,4.805,3.3223
1.4905,0.89806,0.76041,1.4473,2.1475,2.1841,1.9679
1.5301,1.065,0.79577,1.7885,3.335,3.2598,2.5269
1.43,0.91463,0.74739,1.4572,2.6286,2.4125,2.0988
1.3098,1.09,0.68184,1.9143,3.0564,3.4829,3.7358
1.719,1.3725,1.4445,2.3883,3.8966,3.6396,3.5243
1.4154,1.1046,0.68875,2.3351,2.5743,2.8293,3.1612
1.5958,1.2894,0.7924,2.2987,3.3848,3.4518,3.6353
1.3229,1.1166,0.635,1.7979,3.2359,3.4392,3.6971
1.2857,1.0595,0.70906,2.0298,2.684,2.8626,3.1948
1.3195,1.0874,0.61352,1.9378,3.087,3.1188,3.4448
1.5345,1.1905,0.76475,2.1545,3.0936,3.2364,3.8749
1.3172,1.1183,0.62544,2.2343,2.6635,2.8715,3.213
1.3294,1.1424,0.63006,1.9681,4.36,3.4656,3.8083
1.306,1.068,0.68609,1.8015,3.1709,2.9803,3.0519
1.5477,1.1931,0.88838,2.5605,3.6359,3.5126,3.6049
1.6351,1.3582,1.3281,2.2197,3.6391,3.2842,2.6994
1.7633,1.3906,0.86395,2.7249,3.9259,3.7721,3.8961
1.3672,1.1796,0.72479,1.9969,3.9017,3.5428,3.5228
1.6577,1.3195,0.79969,2.5504,4.048,4.2097,4.2468
1.6546,1.3057,0.82569,2.5322,4.2333,4.3955,4.7224
1.4875,1.1537,0.72583,1.9773,3.9027,3.5011,3.7551
1.4022,1.2165,0.71991,2.1669,3.4675,3.3516,3.9887
1.1826,1.1086,0.76698,1.8512,2.327,2.3199,2.8885
1.196,1.1495,0.77751,1.6514,2.5389,2.6303,2.8698
1.04,1.0303,0.70717,1.6545,2.4185,2.4567,2.885
1.3449,1.2995,0.84308,2.4466,3.2111,3.1104,3.3021
1.6889,1.3794,1.3699,2.2014,2.9731,3.1303,2.9642
1.2261,1.1813,0.7479,1.9683,2.5919,2.276,2.8291
1.29,1.2185,0.7669,1.9392,2.6077,2.5617,3.2039
1.377,1.4591,0.73442,2.7465,3.0007,3.2965,3.644
1.3718,1.3663,0.8279,2.3428,2.2964,2.4949,2.8768
1.3454,1.2886,0.6954,2.1867,2.7182,2.6795,3.5498
1.3701,1.4559,0.92475,2.6366,3.093,3.3156,3.7935
1.285,1.3021,0.76748,2.2124,2.4025,2.394,3.1267
1.3073,1.2712,0.72249,2.0229,2.3235,2.2386,2.7809
1.2088,1.2673,0.75103,2.3755,2.7703,2.9396,3.435
1.2892,1.2783,0.6996,2.3042,2.6897,2.8761,3.5221
1.8859,1.5651,1.5414,2.7886,4.1981,3.6809,3.2063
1.2138,1.2318,0.72147,2.1362,2.4894,2.5344,3.0149
2.5231,1.6885,1.7055,3.3938,5.6698,5.7282,6.0345
2.2122,1.3659,1.3641,2.4956,3.3219,3.1449,3.3309
2.1651,1.3367,1.5018,2.0957,2.7725,2.7643,3.0229
2.1518,1.4606,1.5581,2.443,3.6916,3.7675,4.0486
1.9806,1.3132,1.5669,2.2466,2.9728,3.0543,3.3866
2.1626,1.4986,1.5238,2.6447,3.6542,3.4214,3.5192
1.9675,1.3632,1.4989,2.454,3.4194,3.3998,3.5801
1.9262,1.4108,1.4959,2.1145,3.5621,3.545,3.8622
2.0717,1.5831,1.6571,2.6926,4.1175,4.1744,4.4523
1.5989,1.3068,1.2745,2.1064,3.7321,3.5383,3.2396
1.8917,1.4989,1.4318,2.2854,3.4989,3.3767,3.6236
2.2794,1.4774,1.7908,2.7186,3.7529,3.6919,3.9348
2.4345,1.5616,2.0226,3.0958,4.2109,4.1007,4.2548
2.1031,1.3754,1.5448,2.2983,3.4868,3.5243,3.8523
2.2743,1.4651,1.605,2.7616,3.8958,3.9986,4.385
2.2872,1.4728,1.6742,2.5759,3.5376,3.6715,4.0076
1.8686,1.3419,1.4651,1.9992,3.4611,3.4784,3.6342
1.0421,1.0622,0.83522,1.5491,3.309,3.2195,3.292
1.0231,0.98674,0.72588,1.6732,2.7716,2.6813,2.5157
1.0366,0.99931,0.78491,1.7126,3.5264,3.2736,3.1746
1.6948,1.4559,1.3616,1.8974,3.5581,3.3481,3.2107
1.6335,1.3459,1.2964,2.2415,4.909,4.9276,4.5175
0.79353,0.81243,0.53152,1.2887,2.4842,2.4546,2.2384
0.77577,0.89844,0.61215,1.3492,2.3287,2.1797,2.0491
0.73493,0.81026,0.44798,1.1392,2.4801,2.3915,1.937
0.81183,0.92261,0.56672,1.3748,2.5241,2.586,2.2617
0.8103,0.88113,0.5726,1.2673,2.0771,2.044,1.6857
0.75971,0.82536,0.50735,1.2698,2.4756,2.4763,2.309
0.72004,0.803,0.47922,1.0956,2.6049,2.5093,2.289
0.87545,0.88144,0.63564,1.492,1.9696,1.9153,1.792
0.86412,0.95972,0.53281,1.5295,2.4144,2.3813,2.3228
0.80669,0.88867,0.53912,1.3311,2.7114,2.7371,2.7704
1.7696,1.4185,1.5092,2.803,3.3993,3.3016,3.6827
0.83739,0.90224,0.60821,1.4746,2.6925,2.6674,2.5172
0.90798,0.94336,0.51272,1.5394,2.8281,2.9966,2.8865
0.74997,0.86024,0.49368,1.2449,2.4747,2.4296,2.3519
1.4768,1.2618,0.89024,2.3405,3.5862,3.5741,2.5618
1.4819,1.3095,0.91054,2.3108,3.1472,3.0092,1.9649
1.3345,1.0683,0.96373,2.1252,3.5138,3.6209,2.6351
1.1783,0.91388,0.78292,1.435,2.7037,2.5964,1.8733
1.2632,1.0033,0.90476,1.7963,3.3421,3.3293,2.4461
1.2843,1.0565,0.79168,1.8579,2.8372,2.6558,1.7678
1.3222,1.0409,0.87583,1.7453,2.7801,2.4885,1.8954
1.7521,1.4258,1.3871,2.4426,3.1847,3.5101,4.0282
1.2474,0.9954,0.85232,1.8981,2.909,2.713,1.9236
1.2954,1.0431,0.84547,1.814,2.8482,2.8723,1.9957
1.2252,0.95968,0.75277,1.7394,2.8483,2.6869,1.6851
1.3073,0.94436,0.91257,1.9241,2.7963,2.588,1.6956
1.3012,1.0214,0.87084,2.0585,3.0912,3.0415,2.0871
1.2161,0.95196,0.8041,1.6476,2.9505,2.7323,2.1229
1.3452,1.1155,0.92496,2.1576,3.0786,2.9863,2.0483
1.2264,0.96109,0.80489,1.5906,3.1474,3.0156,2.0369
1.2854,1.0054,0.79312,1.8537,2.6575,2.5068,1.8053
1.7525,1.6236,1.1112,2.7194,5.4182,5.3677,5.5595
1.6875,1.4339,1.3238,2.4156,3.4776,3.657,3.6283
1.878,1.6015,1.2065,3.1785,5.3378,4.8945,5.1594
2.1608,2.123,1.3279,3.6276,5.9708,5.3914,5.6256
1.8251,1.825,1.1425,2.708,5.7583,5.5124,5.815
2.2188,2.1186,1.5293,3.3174,6.4518,6.0791,6.5812
1.6711,1.5519,1.0034,2.6002,5.6795,5.0474,5.0639
1.785,1.7497,1.4477,2.5605,5.6785,5.3864,5.4325
1.6331,1.5933,0.93523,3.1383,5.2801,4.7729,4.9404
1.4421,1.2634,0.90319,2.1882,3.4209,3.0832,3.1591
1.7003,1.6471,0.97727,2.8549,5.5387,5.2356,5.5822
1.925,1.8091,1.5732,3.566,5.3562,4.9986,5.1845
1.6979,1.5219,1.4746,2.7015,4.1876,4.4133,4.3344
2.1364,1.8725,1.2728,3.6894,5.3977,5.1252,5.2993
1.7692,1.5171,1.2012,2.6985,5.2629,4.9006,5.2979
1.8599,1.8024,1.3797,3.2457,5.1646,4.7334,5.1109
2.0311,1.9168,1.3525,3.3223,6.5535,5.9873,6.3625
1.8054,1.6778,1.0271,2.9529,5.671,5.3016,5.5202
1.2122,1.7264,1.3209,1.7415,2.321,2.0592,1.9361
1.2635,1.7705,1.3347,1.8721,2.0894,1.757,1.7029
1.3345,1.7364,1.3778,1.9601,2.0321,2.0503,1.9349
1.3372,1.6849,1.3794,1.8389,1.931,1.8525,1.7503
1.2846,1.7111,1.3373,1.8712,2.0777,1.971,1.8995
1.6414,1.4318,1.3337,2.4802,3.9313,4.3789,4.1514
1.2865,1.6792,1.3126,1.8549,1.9867,1.7933,1.7129
1.3255,1.6828,1.3232,1.875,1.9022,1.7917,1.7253
1.3282,1.4324,1.0995,1.6365,2.0802,1.8004,1.8765
1.3849,1.509,1.1216,1.7086,1.8277,1.778,1.7336
1.3172,1.4531,1.1109,1.7154,2.0288,1.8903,1.8807
1.3377,1.4727,1.1282,1.7956,1.8819,1.7467,1.6417
1.3658,1.5561,1.1699,1.8864,1.9606,1.9904,1.8121
1.2874,1.4881,1.0789,1.7211,1.9186,1.937,1.931
1.3383,1.5271,1.1283,1.7471,1.7957,1.9029,1.7977
1.3577,1.5559,1.1462,1.8234,2.085,2.039,2.0395
1.6386,1.3999,1.2063,2.4392,3.5964,3.5894,3.482
1.4092,1.5805,1.1331,1.8483,1.893,2.0167,1.9514
1.4091,1.2833,0.59078,1.9969,4.2166,4.0688,3.5067
1.3404,1.2823,1.0144,1.5247,3.3574,2.8572,2.6423
1.0253,0.90026,0.7724,1.4134,2.0611,1.964,1.7593
1.3223,1.2262,1.0034,1.8058,3.5679,3.2806,3.0613
1.5411,1.3077,1.3685,2.0902,3.1754,2.8858,2.9769
1.1691,1.1065,0.94323,1.3657,3.5857,3.3928,3.269
1.485,1.3707,1.2536,1.6036,2.919,2.556,2.6042
1.1217,1.0724,0.81266,1.496,2.8034,2.2512,2.0163
1.2337,1.1594,1.0207,1.6621,2.3004,2.2408,2.1741
1.2793,1.2063,0.87546,1.7243,2.9942,2.8634,3.0629
1.3022,1.2889,0.98485,1.7071,2.8073,2.6765,2.7544
1.2604,1.2029,0.90398,1.5297,2.5568,2.8564,2.7998
1.4143,1.2545,1.346,1.9502,2.6277,2.7375,2.3609
1.4672,1.3735,1.1338,1.9968,2.2766,3.0643,3.022
1.3192,1.261,1.0552,1.5385,1.8952,2.9393,2.8086
1.7665,1.4528,1.6252,2.5166,4.6183,3.9051,3.7448
1.5286,1.3831,1.2807,1.8411,2.3057,2.9414,2.8415
1.3954,1.3183,1.0585,1.8356,3.1333,3.8201,3.9249
1.563,1.4268,1.1657,1.7003,2.0548,3.0323,3.4932
1.2068,0.82251,0.708,1.262,2.8927,2.6785,2.5135
1.3137,0.85933,0.72905,1.3861,2.5906,2.3717,2.382
1.3301,0.84686,0.71651,1.3893,2.4414,2.0642,2.113
1.296,0.81828,0.70512,1.3026,2.9035,2.6601,2.4573
1.3824,0.8903,0.74577,1.4567,3.1493,3.1155,2.7364
1.3862,0.87807,0.7427,1.3136,3.1536,3.0733,1.8243
1.2927,0.93773,0.76388,1.5157,3.0205,3.008,2.8604
1.7588,1.4853,1.4271,2.3021,4.1712,3.8357,3.5713
1.3223,0.88109,0.74095,1.397,2.7687,2.66,2.2676
1.3541,0.94228,0.65945,1.4828,3.1898,2.8048,2.4075
1.3023,0.85807,0.67131,1.2779,2.6663,2.3298,2.1576
1.4,0.94088,0.75047,1.5873,2.4971,2.5231,2.1198
1.4287,1.046,0.75389,1.7248,2.4632,2.6796,2.2436
1.3449,0.92229,0.68614,1.3771,2.9889,3.1675,2.3464
1.2621,0.88822,0.71775,1.4346,2.6819,2.6023,2.5164
1.3358,0.88069,0.67683,1.3914,3.0025,2.683,2.1827
1.2539,0.84287,0.6409,1.3635,2.3366,2.2488,1.7312
0.95306,0.856,0.54077,1.4605,2.5115,2.3576,2.8762
1.6757,1.3366,1.3638,2.3842,4.1721,3.9598,3.4348
0.8518,0.89994,0.58032,1.671,2.5842,2.5259,3.1079
1.076,0.95658,0.61086,1.7205,3.0808,2.8834,3.261
0.88257,0.86703,0.51408,1.323,2.7842,2.3964,2.9754
1.106,1.0193,0.65743,2.0731,2.6487,2.348,3.064
0.99976,0.85761,0.50483,1.3274,2.396,2.1212,2.7604
1.1591,1.0339,0.60925,1.9197,3.0544,2.7314,3.3605
1.1747,1.0802,0.63756,2.2701,3.0267,2.7701,3.2226
1.1035,0.98904,0.54444,1.3989,2.8541,2.5465,2.9185
1.1983,1.012,0.5685,1.7772,3.0956,2.9314,3.3797
1.3279,1.1479,0.73131,2.6308,3.6022,3.3189,4.1531
1.4938,1.3034,1.2216,2.0081,3.4358,3.1294,2.9756
1.0888,1.0072,0.59784,1.6859,4.5022,2.654,3.6796
1.1412,1.0409,0.57901,1.662,2.624,3.0891,3.4052
1.3319,1.1698,0.74801,2.1862,3.2355,3.1269,3.3011
1.0959,0.92448,0.61629,1.7722,3.0425,2.8493,3.1665
1.0163,0.90278,0.53109,1.5222,2.5865,2.4929,2.7344
1.1879,1.1141,0.6956,1.8002,2.4643,2.3591,3.0819
1.011,0.98319,0.67762,1.3726,1.6489,1.5253,2.3248
1.1572,1.146,0.74684,1.7377,2.4085,2.4845,2.8694
1.006,0.98417,0.69996,1.5089,2.171,2.024,2.7871
1.0874,1.0736,0.69152,1.639,2.2287,2.0904,2.3969
1.4958,1.2948,1.2385,1.9493,2.895,3.1266,3.0968
1.0922,1.0308,0.69889,1.416,1.7967,1.7491,2.3561
1.0488,0.97315,0.69631,1.3563,1.7263,1.5926,2.1717
1.1134,1.0942,0.70873,1.864,2.1564,1.99,2.5888
1.1819,1.1341,0.70884,1.9805,2.18,2.135,2.5561
1.0685,0.99996,0.63972,1.4904,1.9406,1.8137,2.4292
1.0178,0.97756,0.71264,1.6916,2.2222,1.9218,2.6148
1.1633,1.1198,0.61257,2.085,2.3692,2.5433,3.1202
1.0117,0.94666,0.60669,1.6166,1.928,2.0036,2.444
1.0802,1.0392,0.66261,1.6872,2.108,2.0537,2.4899
1.0427,0.98206,0.63733,1.5216,2.0933,2.0867,2.6788
1.7893,1.4639,1.4386,2.8571,3.5972,3.4421,2.9693
1.1738,1.1223,0.66215,1.8641,2.1417,2.0781,2.5556
1.5886,1.5986,1.4869,2.1265,2.8285,2.8109,2.9618
1.5102,1.5581,1.553,2.0495,3.1012,2.9312,3.0524
1.4945,1.4994,1.569,1.848,2.4502,2.4287,2.6632
1.4935,1.488,1.3998,1.8731,3.2067,3.1386,3.2767
1.9266,1.5526,1.6312,2.2346,3.0002,3.1443,3.4417
2.0601,1.512,1.5096,2.062,3.2485,3.0483,3.1015
1.938,1.5242,1.7148,2.1618,2.8221,2.7112,2.8354
1.8668,1.3648,1.3391,1.807,2.2955,2.2118,2.3408
1.9021,1.5041,1.5632,2.0163,2.9961,3.0216,3.224
1.4859,1.2977,1.3328,1.9886,3.5352,3.7702,3.6427
1.6553,1.4857,1.4868,1.8574,2.7281,2.5502,2.6902
1.8157,1.5804,1.6829,2.1402,2.8642,2.821,2.9902
1.6754,1.6049,1.6278,2.3109,3.3301,3.1374,3.295
1.7924,1.6265,1.7345,2.0349,2.5767,2.3729,2.5565
1.887,1.5978,2.0436,2.3621,3.0005,3.0111,3.1799
1.7702,1.5722,1.7508,2.1675,2.5156,2.4697,2.6258
1.7524,1.5346,1.5573,1.9003,2.7848,2.6704,2.8738
0.74741,0.83661,0.49628,1.233,2.4055,2.2915,2.125
0.85264,0.91972,0.60764,1.4572,2.4219,2.5184,2.2261
0.88659,0.98573,0.66104,1.5546,3.0177,3.0233,2.7771
